"RECIPIENT","obsTime","deflator"
"Australia",1960,7.95
"Austria",1960,6.74
"Belgium",1960,9.18
"Canada",1960,12.54
"Czech Republique",1960,
"Denmark",1960,6.44
"Finland",1960,8.96
"France",1960,10.17
"Germany",1960,8.08
"Greece",1960,8.47
"Iceland",1960,21.66
"Ireland",1960,7.75
"Italy",1960,7.41
"Japan",1960,7.36
"Korea",1960,
"Luxembourg",1960,7.9
"Netherlands",1960,6.57
"New Zealand",1960,8.7
"Norway",1960,5.53
"Poland",1960,
"Portugal",1960,7.77
"Slovak Republic",1960,
"Slovenia",1960,
"Spain",1960,5.57
"Sweden",1960,10.21
"Switzerland",1960,4.68
"United Kingdom",1960,9.55
"United States",1960,16.4
"TOTAL DAC ",1960,12.43
"EU Institutions",1960,
"Australia",1961,8.16
"Austria",1961,7.08
"Belgium",1961,9.3
"Canada",1961,12.09
"Czech Republique",1961,
"Denmark",1961,6.7
"Finland",1961,9.48
"France",1961,10.46
"Germany",1961,8.78
"Greece",1961,8.57
"Iceland",1961,19.56
"Ireland",1961,7.93
"Italy",1961,7.41
"Japan",1961,7.9
"Korea",1961,
"Luxembourg",1961,7.62
"Netherlands",1961,6.95
"New Zealand",1961,8.45
"Norway",1961,5.68
"Poland",1961,
"Portugal",1961,7.76
"Slovak Republic",1961,
"Slovenia",1961,
"Spain",1961,5.58
"Sweden",1961,10.46
"Switzerland",1961,4.87
"United Kingdom",1961,9.88
"United States",1961,16.59
"TOTAL DAC ",1961,12.59
"EU Institutions",1961,
"Australia",1962,8.19
"Austria",1962,7.38
"Belgium",1962,9.44
"Canada",1962,11.63
"Czech Republique",1962,
"Denmark",1962,7.15
"Finland",1962,9.87
"France",1962,11.06
"Germany",1962,9.17
"Greece",1962,8.97
"Iceland",1962,18.24
"Ireland",1962,8.33
"Italy",1962,7.86
"Japan",1962,8.26
"Korea",1962,
"Luxembourg",1962,7.92
"Netherlands",1962,7.28
"New Zealand",1962,8.93
"Norway",1962,5.92
"Poland",1962,
"Portugal",1962,7.78
"Slovak Republic",1962,
"Slovenia",1962,
"Spain",1962,5.79
"Sweden",1962,10.99
"Switzerland",1962,5.15
"United Kingdom",1962,10.25
"United States",1962,16.78
"TOTAL DAC ",1962,13.09
"EU Institutions",1962,
"Australia",1963,8.44
"Austria",1963,7.64
"Belgium",1963,9.72
"Canada",1963,11.79
"Czech Republique",1963,
"Denmark",1963,7.56
"Finland",1963,10.32
"France",1963,11.65
"Germany",1963,9.48
"Greece",1963,9.07
"Iceland",1963,18.24
"Ireland",1963,8.53
"Italy",1963,8.52
"Japan",1963,8.69
"Korea",1963,
"Luxembourg",1963,8.14
"Netherlands",1963,7.64
"New Zealand",1963,9.26
"Norway",1963,6.14
"Poland",1963,
"Portugal",1963,8.27
"Slovak Republic",1963,
"Slovenia",1963,
"Spain",1963,6.41
"Sweden",1963,11.17
"Switzerland",1963,5.4
"United Kingdom",1963,10.22
"United States",1963,16.96
"TOTAL DAC ",1963,13.54
"EU Institutions",1963,
"Australia",1964,8.62
"Austria",1964,7.88
"Belgium",1964,10.23
"Canada",1964,12.13
"Czech Republique",1964,
"Denmark",1964,7.9
"Finland",1964,11.1
"France",1964,12.14
"Germany",1964,9.79
"Greece",1964,9.38
"Iceland",1964,18.24
"Ireland",1964,9.33
"Italy",1964,9.15
"Japan",1964,9.18
"Korea",1964,
"Luxembourg",1964,8.62
"Netherlands",1964,8.26
"New Zealand",1964,9.59
"Norway",1964,6.37
"Poland",1964,
"Portugal",1964,8.25
"Slovak Republic",1964,
"Slovenia",1964,
"Spain",1964,6.82
"Sweden",1964,11.76
"Switzerland",1964,5.69
"United Kingdom",1964,10.54
"United States",1964,17.24
"TOTAL DAC ",1964,13.82
"EU Institutions",1964,
"Australia",1965,8.87
"Austria",1965,8.32
"Belgium",1965,10.79
"Canada",1965,12.57
"Czech Republique",1965,
"Denmark",1965,8.49
"Finland",1965,11.62
"France",1965,12.43
"Germany",1965,10.11
"Greece",1965,9.76
"Iceland",1965,18.24
"Ireland",1965,9.76
"Italy",1965,9.59
"Japan",1965,9.67
"Korea",1965,
"Luxembourg",1965,8.92
"Netherlands",1965,8.77
"New Zealand",1965,10.07
"Norway",1965,6.69
"Poland",1965,
"Portugal",1965,8.77
"Slovak Republic",1965,
"Slovenia",1965,
"Spain",1965,7.44
"Sweden",1965,12.37
"Switzerland",1965,5.9
"United Kingdom",1965,11.24
"United States",1965,17.53
"TOTAL DAC ",1965,14.18
"EU Institutions",1965,
"Australia",1966,9.17
"Austria",1966,8.61
"Belgium",1966,11.17
"Canada",1966,13.18
"Czech Republique",1966,
"Denmark",1966,9.08
"Finland",1966,12.13
"France",1966,12.79
"Germany",1966,10.44
"Greece",1966,10.24
"Iceland",1966,18.24
"Ireland",1966,10.18
"Italy",1966,9.82
"Japan",1966,10.18
"Korea",1966,
"Luxembourg",1966,9.22
"Netherlands",1966,9.22
"New Zealand",1966,9.48
"Norway",1966,7
"Poland",1966,
"Portugal",1966,9.29
"Slovak Republic",1966,
"Slovenia",1966,
"Spain",1966,8.06
"Sweden",1966,13.18
"Switzerland",1966,6.2
"United Kingdom",1966,11.75
"United States",1966,17.99
"TOTAL DAC ",1966,14.43
"EU Institutions",1966,
"Australia",1967,9.51
"Austria",1967,8.91
"Belgium",1967,11.57
"Canada",1967,13.76
"Czech Republique",1967,
"Denmark",1967,9.36
"Finland",1967,12.23
"France",1967,13.16
"Germany",1967,10.64
"Greece",1967,10.46
"Iceland",1967,17.76
"Ireland",1967,10.32
"Italy",1967,10.05
"Japan",1967,10.75
"Korea",1967,
"Luxembourg",1967,9.29
"Netherlands",1967,9.66
"New Zealand",1967,10.02
"Norway",1967,7.23
"Poland",1967,
"Portugal",1967,9.28
"Slovak Republic",1967,
"Slovenia",1967,
"Spain",1967,8.51
"Sweden",1967,13.88
"Switzerland",1967,6.47
"United Kingdom",1967,11.87
"United States",1967,18.56
"TOTAL DAC ",1967,14.29
"EU Institutions",1967,
"Australia",1968,9.85
"Austria",1968,9.19
"Belgium",1968,11.81
"Canada",1968,14.3
"Czech Republique",1968,
"Denmark",1968,9.24
"Finland",1968,11.25
"France",1968,13.66
"Germany",1968,10.87
"Greece",1968,10.62
"Iceland",1968,12.89
"Ireland",1968,9.39
"Italy",1968,10.29
"Japan",1968,11.42
"Korea",1968,
"Luxembourg",1968,9.71
"Netherlands",1968,9.98
"New Zealand",1968,8.95
"Norway",1968,7.55
"Poland",1968,
"Portugal",1968,9.82
"Slovak Republic",1968,
"Slovenia",1968,
"Spain",1968,7.97
"Sweden",1968,14.24
"Switzerland",1968,6.68
"United Kingdom",1968,10.81
"United States",1968,19.31
"TOTAL DAC ",1968,14.88
"EU Institutions",1968,
"Australia",1969,10.41
"Austria",1969,9.51
"Belgium",1969,12.24
"Canada",1969,14.91
"Czech Republique",1969,
"Denmark",1969,9.84
"Finland",1969,11.65
"France",1969,14.02
"Germany",1969,11.52
"Greece",1969,10.95
"Iceland",1969,8.92
"Ireland",1969,10.23
"Italy",1969,10.45
"Japan",1969,12.06
"Korea",1969,
"Luxembourg",1969,10.19
"Netherlands",1969,10.68
"New Zealand",1969,8.84
"Norway",1969,7.86
"Poland",1969,
"Portugal",1969,10.38
"Slovak Republic",1969,
"Slovenia",1969,
"Spain",1969,8.32
"Sweden",1969,14.74
"Switzerland",1969,6.86
"United Kingdom",1969,11.38
"United States",1969,20.24
"TOTAL DAC ",1969,15.08
"EU Institutions",1969,
"Australia",1970,10.78
"Austria",1970,10.03
"Belgium",1970,12.96
"Canada",1970,16.18
"Czech Republique",1970,
"Denmark",1970,10.72
"Finland",1970,12.13
"France",1970,13.88
"Germany",1970,13.35
"Greece",1970,11.37
"Iceland",1970,17.83
"Ireland",1970,11.25
"Italy",1970,11.34
"Japan",1970,12.87
"Korea",1970,
"Luxembourg",1970,11.83
"Netherlands",1970,11.37
"New Zealand",1970,9.9
"Norway",1970,8.87
"Poland",1970,
"Portugal",1970,10.37
"Slovak Republic",1970,
"Slovenia",1970,
"Spain",1970,8.86
"Sweden",1970,15.45
"Switzerland",1970,7.19
"United Kingdom",1970,12.45
"United States",1970,21.37
"TOTAL DAC ",1970,15.83
"EU Institutions",1970,
"Australia",1971,11.69
"Austria",1971,11.08
"Belgium",1971,13.98
"Canada",1971,17.28
"Czech Republique",1971,
"Denmark",1971,11.65
"Finland",1971,13.03
"France",1971,14.71
"Germany",1971,15
"Greece",1971,11.71
"Iceland",1971,17.88
"Ireland",1971,12.68
"Italy",1971,12.17
"Japan",1971,13.95
"Korea",1971,
"Luxembourg",1971,12
"Netherlands",1971,12.74
"New Zealand",1971,11.37
"Norway",1971,9.55
"Poland",1971,
"Portugal",1971,11.03
"Slovak Republic",1971,
"Slovenia",1971,
"Spain",1971,9.64
"Sweden",1971,16.7
"Switzerland",1971,8.21
"United Kingdom",1971,13.76
"United States",1971,22.4
"TOTAL DAC ",1971,16.73
"EU Institutions",1971,
"Australia",1972,13.26
"Austria",1972,12.84
"Belgium",1972,16.39
"Canada",1972,18.64
"Czech Republique",1972,
"Denmark",1972,13.6
"Finland",1972,14.27
"France",1972,17.21
"Germany",1972,17.24
"Greece",1972,12.3
"Iceland",1972,17.91
"Ireland",1972,14.7
"Italy",1972,13.63
"Japan",1972,16.68
"Korea",1972,
"Luxembourg",1972,13.99
"Netherlands",1972,15.19
"New Zealand",1972,13.34
"Norway",1972,10.72
"Poland",1972,
"Portugal",1972,12.62
"Slovak Republic",1972,
"Slovenia",1972,
"Spain",1972,11.19
"Sweden",1972,19.28
"Switzerland",1972,9.72
"United Kingdom",1972,14.99
"United States",1972,23.43
"TOTAL DAC ",1972,18.69
"EU Institutions",1972,
"Australia",1973,17.89
"Austria",1973,16.36
"Belgium",1973,19.82
"Canada",1973,20.23
"Czech Republique",1973,
"Denmark",1973,17.5
"Finland",1973,17.84
"France",1973,21
"Germany",1973,21.94
"Greece",1973,15.05
"Iceland",1973,25.51
"Ireland",1973,16.62
"Italy",1973,15.57
"Japan",1973,21.33
"Korea",1973,
"Luxembourg",1973,17.77
"Netherlands",1973,19.01
"New Zealand",1973,16.87
"Norway",1973,13.36
"Poland",1973,
"Portugal",1973,15.2
"Slovak Republic",1973,
"Slovenia",1973,
"Spain",1973,13.87
"Sweden",1973,22.44
"Switzerland",1973,12.65
"United Kingdom",1973,16.06
"United States",1973,24.65
"TOTAL DAC ",1973,20.87
"EU Institutions",1973,16.25
"Australia",1974,21.24
"Austria",1974,18.78
"Belgium",1974,22.28
"Canada",1974,23.73
"Czech Republique",1974,
"Denmark",1974,19.64
"Finland",1974,22.08
"France",1974,21.74
"Germany",1974,24.31
"Greece",1974,18.26
"Iceland",1974,31.92
"Ireland",1974,16.83
"Italy",1974,16.72
"Japan",1974,23.96
"Korea",1974,
"Luxembourg",1974,20.77
"Netherlands",1974,21.57
"New Zealand",1974,17.31
"Norway",1974,15.51
"Poland",1974,
"Portugal",1974,17.61
"Slovak Republic",1974,
"Slovenia",1974,
"Spain",1974,16.15
"Sweden",1974,24.24
"Switzerland",1974,14.39
"United Kingdom",1974,17.65
"United States",1974,26.9
"TOTAL DAC ",1974,23.15
"EU Institutions",1974,18.97
"Australia",1975,22.09
"Austria",1975,21.45
"Belgium",1975,26.53
"Canada",1975,25.19
"Czech Republique",1975,
"Denmark",1975,23.52
"Finland",1975,25.7
"France",1975,27.75
"Germany",1975,26.95
"Greece",1975,19.35
"Iceland",1975,30.74
"Ireland",1975,19.14
"Italy",1975,19.44
"Japan",1975,25.26
"Korea",1975,
"Luxembourg",1975,21.81
"Netherlands",1975,25.22
"New Zealand",1975,16.79
"Norway",1975,17.78
"Poland",1975,26.16
"Portugal",1975,20.36
"Slovak Republic",1975,
"Slovenia",1975,
"Spain",1975,19.02
"Sweden",1975,29.66
"Switzerland",1975,17.79
"United Kingdom",1975,20.95
"United States",1975,29.43
"TOTAL DAC ",1975,26.16
"EU Institutions",1975,22.46
"Australia",1976,23.22
"Austria",1976,22.04
"Belgium",1976,27.14
"Canada",1976,28.34
"Czech Republique",1976,
"Denmark",1976,24.47
"Finland",1976,27.58
"France",1976,27.59
"Germany",1976,27.32
"Greece",1976,19.75
"Iceland",1976,34.55
"Ireland",1976,18.8
"Italy",1976,17.93
"Japan",1976,27.31
"Korea",1976,
"Luxembourg",1976,23.31
"Netherlands",1976,26.27
"New Zealand",1976,16.6
"Norway",1976,18.34
"Poland",1976,27.07
"Portugal",1976,19.66
"Slovak Republic",1976,
"Slovenia",1976,
"Spain",1976,19.09
"Sweden",1976,31.54
"Switzerland",1976,18.89
"United Kingdom",1976,19.56
"United States",1976,31.02
"TOTAL DAC ",1976,27.07
"EU Institutions",1976,20.75
"Australia",1977,23.1
"Austria",1977,25.12
"Belgium",1977,31.49
"Canada",1977,28.1
"Czech Republique",1977,
"Denmark",1977,26.79
"Finland",1977,29.03
"France",1977,29.19
"Germany",1977,30.71
"Greece",1977,22.28
"Iceland",1977,39.52
"Ireland",1977,20.68
"Italy",1977,20.07
"Japan",1977,32.19
"Korea",1977,
"Luxembourg",1977,25.44
"Netherlands",1977,30.21
"New Zealand",1977,18.97
"Norway",1977,20.38
"Poland",1977,29.28
"Portugal",1977,19.77
"Slovak Republic",1977,
"Slovenia",1977,
"Spain",1977,20.73
"Sweden",1977,33.87
"Switzerland",1977,19.68
"United Kingdom",1977,21.58
"United States",1977,32.9
"TOTAL DAC ",1977,29.28
"EU Institutions",1977,23.17
"Australia",1978,25.84
"Austria",1978,30.34
"Belgium",1978,37.35
"Canada",1978,27.91
"Czech Republique",1978,
"Denmark",1978,31.9
"Finland",1978,30.75
"France",1978,34.66
"Germany",1978,37
"Greece",1978,25.42
"Iceland",1978,43.52
"Ireland",1978,25.13
"Italy",1978,23.66
"Japan",1978,42.97
"Korea",1978,
"Luxembourg",1978,30.43
"Netherlands",1978,36.07
"New Zealand",1978,23.32
"Norway",1978,21.96
"Poland",1978,33.59
"Portugal",1978,20.92
"Slovak Republic",1978,
"Slovenia",1978,
"Spain",1978,24.75
"Sweden",1978,36.92
"Switzerland",1978,27.44
"United Kingdom",1978,26.46
"United States",1978,35.24
"TOTAL DAC ",1978,33.59
"EU Institutions",1978,28.02
"Australia",1979,27.62
"Austria",1979,34.3
"Belgium",1979,41.97
"Canada",1979,29.72
"Czech Republique",1979,
"Denmark",1979,35.76
"Finland",1979,35.27
"France",1979,40.59
"Germany",1979,42.02
"Greece",1979,30.28
"Iceland",1979,46.69
"Ireland",1979,30.48
"Italy",1979,28.02
"Japan",1979,42.37
"Korea",1979,
"Luxembourg",1979,34.76
"Netherlands",1979,40.52
"New Zealand",1979,26.54
"Norway",1979,24.05
"Poland",1979,37.53
"Portugal",1979,22.73
"Slovak Republic",1979,
"Slovenia",1979,
"Spain",1979,33.08
"Sweden",1979,41.94
"Switzerland",1979,30.07
"United Kingdom",1979,33.28
"United States",1979,38.14
"TOTAL DAC ",1979,37.53
"EU Institutions",1979,32.77
"Australia",1980,30.99
"Austria",1980,37.42
"Belgium",1980,43.8
"Canada",1980,33.02
"Czech Republique",1980,
"Denmark",1980,36.14
"Finland",1980,40.43
"France",1980,45.74
"Germany",1980,44.4
"Greece",1980,31.38
"Iceland",1980,52.54
"Ireland",1980,35.1
"Italy",1980,33.05
"Japan",1980,43.19
"Korea",1980,
"Luxembourg",1980,37.55
"Netherlands",1980,43.18
"New Zealand",1980,29.23
"Norway",1980,27.94
"Poland",1980,41.25
"Portugal",1980,26.68
"Slovak Republic",1980,
"Slovenia",1980,
"Spain",1980,35.12
"Sweden",1980,47.43
"Switzerland",1980,30.66
"United Kingdom",1980,43.85
"United States",1980,41.61
"TOTAL DAC ",1980,41.25
"EU Institutions",1980,36.7
"Australia",1981,34.34
"Austria",1981,32.45
"Belgium",1981,36.27
"Canada",1981,35.76
"Czech Republique",1981,
"Denmark",1981,31.62
"Finland",1981,38.99
"France",1981,39.63
"Germany",1981,37.24
"Greece",1981,29.4
"Iceland",1981,52.33
"Ireland",1981,32.27
"Italy",1981,29.44
"Japan",1981,45.84
"Korea",1981,
"Luxembourg",1981,31.71
"Netherlands",1981,36.21
"New Zealand",1981,30.35
"Norway",1981,27.17
"Poland",1981,39.56
"Portugal",1981,25.53
"Slovak Republic",1981,
"Slovenia",1981,
"Spain",1981,30.66
"Sweden",1981,43.12
"Switzerland",1981,27.6
"United Kingdom",1981,42.26
"United States",1981,45.45
"TOTAL DAC ",1981,39.56
"EU Institutions",1981,32.27
"Australia",1982,33.93
"Austria",1982,31.91
"Belgium",1982,31.71
"Canada",1982,37.85
"Czech Republique",1982,
"Denmark",1982,29.78
"Finland",1982,37.98
"France",1982,36.79
"Germany",1982,36.33
"Greece",1982,31.05
"Iceland",1982,47.28
"Ireland",1982,32.81
"Italy",1982,29.17
"Japan",1982,41.2
"Korea",1982,
"Luxembourg",1982,28.58
"Netherlands",1982,35.72
"New Zealand",1982,29.19
"Norway",1982,26.64
"Poland",1982,38.95
"Portugal",1982,23.89
"Slovak Republic",1982,
"Slovenia",1982,
"Spain",1982,29.27
"Sweden",1982,37.53
"Switzerland",1982,28.7
"United Kingdom",1982,39.43
"United States",1982,48.27
"TOTAL DAC ",1982,38.95
"EU Institutions",1982,31.15
"Australia",1983,32.67
"Austria",1983,31.34
"Belgium",1983,29.92
"Canada",1983,40.06
"Czech Republique",1983,
"Denmark",1983,29.13
"Finland",1983,35.61
"France",1983,34.74
"Germany",1983,35.65
"Greece",1983,28.4
"Iceland",1983,41.41
"Ireland",1983,31.79
"Italy",1983,29.83
"Japan",1983,43.62
"Korea",1983,
"Luxembourg",1983,27.27
"Netherlands",1983,34.1
"New Zealand",1983,27.98
"Norway",1983,25.15
"Poland",1983,38.87
"Portugal",1983,21.4
"Slovak Republic",1983,
"Slovenia",1983,
"Spain",1983,24.99
"Sweden",1983,33.81
"Switzerland",1983,28.41
"United Kingdom",1983,36
"United States",1983,50.23
"TOTAL DAC ",1983,38.87
"EU Institutions",1983,30.57
"Australia",1984,33.66
"Austria",1984,29.52
"Belgium",1984,27.93
"Canada",1984,39.41
"Czech Republique",1984,
"Denmark",1984,27.28
"Finland",1984,35.85
"France",1984,32.44
"Germany",1984,32.62
"Greece",1984,27.02
"Iceland",1984,41.35
"Ireland",1984,29.49
"Italy",1984,28.57
"Japan",1984,44.37
"Korea",1984,
"Luxembourg",1984,25.19
"Netherlands",1984,30.73
"New Zealand",1984,25.13
"Norway",1984,23.92
"Poland",1984,38.02
"Portugal",1984,20.15
"Slovak Republic",1984,
"Slovenia",1984,
"Spain",1984,24.77
"Sweden",1984,33.77
"Switzerland",1984,26.34
"United Kingdom",1984,33.25
"United States",1984,52.01
"TOTAL DAC ",1984,38.02
"EU Institutions",1984,28.75
"Australia",1985,28.19
"Austria",1985,29.41
"Belgium",1985,28.41
"Canada",1985,38.59
"Czech Republique",1985,
"Denmark",1985,27.77
"Finland",1985,36.61
"France",1985,33.32
"Germany",1985,32.23
"Greece",1985,26.24
"Iceland",1985,41.61
"Ireland",1985,30.27
"Italy",1985,28.7
"Japan",1985,44.63
"Korea",1985,41.33
"Luxembourg",1985,25.23
"Netherlands",1985,30.22
"New Zealand",1985,25.3
"Norway",1985,23.88
"Poland",1985,38.26
"Portugal",1985,21.1
"Slovak Republic",1985,
"Slovenia",1985,
"Spain",1985,25.39
"Sweden",1985,34.53
"Switzerland",1985,25.75
"United Kingdom",1985,33.97
"United States",1985,53.61
"TOTAL DAC ",1985,38.26
"EU Institutions",1985,29.25
"Australia",1986,29.11
"Austria",1986,41.01
"Belgium",1986,38.85
"Canada",1986,39.14
"Czech Republique",1986,
"Denmark",1986,37.37
"Finland",1986,46.87
"France",1986,45.36
"Germany",1986,45.1
"Greece",1986,30.88
"Iceland",1986,52.37
"Ireland",1986,40.85
"Italy",1986,39.56
"Japan",1986,64.28
"Korea",1986,42.54
"Luxembourg",1986,33.55
"Netherlands",1986,41.05
"New Zealand",1986,30.84
"Norway",1986,27.61
"Poland",1986,46.45
"Portugal",1986,29.2
"Slovak Republic",1986,
"Slovenia",1986,
"Spain",1986,34.22
"Sweden",1986,44.34
"Switzerland",1986,36.27
"United Kingdom",1986,40.53
"United States",1986,54.73
"TOTAL DAC ",1986,46.45
"EU Institutions",1986,39.64
"Australia",1987,32.71
"Austria",1987,50.78
"Belgium",1987,47.21
"Canada",1987,42.97
"Czech Republique",1987,
"Denmark",1987,46.32
"Finland",1987,56.6
"France",1987,53.65
"Germany",1987,55.47
"Greece",1987,36.72
"Iceland",1987,66.82
"Ireland",1987,46.35
"Italy",1987,48.16
"Japan",1987,74.83
"Korea",1987,47.61
"Luxembourg",1987,40.15
"Netherlands",1987,49.32
"New Zealand",1987,39.36
"Norway",1987,32.44
"Poland",1987,53.59
"Portugal",1987,33.79
"Slovak Republic",1987,
"Slovenia",1987,
"Spain",1987,41.09
"Sweden",1987,52.19
"Switzerland",1987,44.75
"United Kingdom",1987,47.54
"United States",1987,56.14
"TOTAL DAC ",1987,53.59
"EU Institutions",1987,47.89
"Australia",1988,39.39
"Austria",1988,52.8
"Belgium",1988,49.01
"Canada",1988,48.32
"Czech Republique",1988,
"Denmark",1988,48.9
"Finland",1988,64.21
"France",1988,55.8
"Germany",1988,57.62
"Greece",1988,40.88
"Iceland",1988,73.91
"Ireland",1988,48.99
"Italy",1988,51.2
"Japan",1988,84.81
"Korea",1988,57.43
"Luxembourg",1988,41.92
"Netherlands",1988,51.2
"New Zealand",1988,47.17
"Norway",1988,35.16
"Poland",1988,57.51
"Portugal",1988,36.75
"Slovak Republic",1988,
"Slovenia",1988,
"Spain",1988,46.13
"Sweden",1988,57.6
"Switzerland",1988,46.86
"United Kingdom",1988,54.79
"United States",1988,58.11
"TOTAL DAC ",1988,57.51
"EU Institutions",1988,50.84
"Australia",1989,42.98
"Austria",1989,50.68
"Belgium",1989,47.94
"Canada",1989,52.59
"Czech Republique",1989,
"Denmark",1989,47.29
"Finland",1989,66.46
"France",1989,53.83
"Germany",1989,55.09
"Greece",1989,40.91
"Iceland",1989,68.36
"Ireland",1989,48.12
"Italy",1989,51.64
"Japan",1989,80.43
"Korea",1989,66.13
"Luxembourg",1989,40.72
"Netherlands",1989,48.33
"New Zealand",1989,45.01
"Norway",1989,35.04
"Poland",1989,56.99
"Portugal",1989,37.16
"Slovak Republic",1989,
"Slovenia",1989,
"Spain",1989,48.52
"Sweden",1989,59.01
"Switzerland",1989,43.34
"United Kingdom",1989,54.43
"United States",1989,60.36
"TOTAL DAC ",1989,56.99
"EU Institutions",1989,49.35
"Australia",1990,44.09
"Austria",1990,60.8
"Belgium",1990,58.13
"Canada",1990,55.19
"Czech Republique",1990,
"Denmark",1990,57.44
"Finland",1990,78.36
"France",1990,64.74
"Germany",1990,66.16
"Greece",1990,50.58
"Iceland",1990,77.11
"Ireland",1990,55.75
"Italy",1990,63.99
"Japan",1990,78.43
"Korea",1990,69.08
"Luxembourg",1990,49.19
"Netherlands",1990,57.19
"New Zealand",1990,46.37
"Norway",1990,40.16
"Poland",1990,63.6
"Portugal",1990,46.44
"Slovak Republic",1990,
"Slovenia",1990,
"Spain",1990,60.49
"Sweden",1990,70.43
"Switzerland",1990,53.37
"United Kingdom",1990,63.94
"United States",1990,62.61
"TOTAL DAC ",1990,63.6
"EU Institutions",1990,59.5
"Australia",1991,44.98
"Austria",1991,61.35
"Belgium",1991,58.45
"Canada",1991,57.9
"Czech Republique",1991,
"Denmark",1991,57.09
"Finland",1991,75.31
"France",1991,64.12
"Germany",1991,65.67
"Greece",1991,52.66
"Iceland",1991,82.55
"Ireland",1991,55.18
"Italy",1991,66.53
"Japan",1991,86.59
"Korea",1991,73.49
"Luxembourg",1991,49.01
"Netherlands",1991,57.42
"New Zealand",1991,45.34
"Norway",1991,39.62
"Poland",1991,65.88
"Portugal",1991,50.4
"Slovak Republic",1991,
"Slovenia",1991,
"Spain",1991,63.51
"Sweden",1991,74.66
"Switzerland",1991,54.55
"United Kingdom",1991,67.65
"United States",1991,64.67
"TOTAL DAC ",1991,65.88
"EU Institutions",1991,60.44
"Australia",1992,42.62
"Austria",1992,67.47
"Belgium",1992,64.25
"Canada",1992,55.74
"Czech Republique",1992,
"Denmark",1992,61.42
"Finland",1992,68.44
"France",1992,69.68
"Germany",1992,73.43
"Greece",1992,57.78
"Iceland",1992,87.53
"Ireland",1992,59.96
"Italy",1992,69.94
"Japan",1992,93.36
"Korea",1992,74.51
"Luxembourg",1992,54.04
"Netherlands",1992,62.62
"New Zealand",1992,42.87
"Norway",1992,40.98
"Poland",1992,69.36
"Portugal",1992,60.14
"Slovak Republic",1992,
"Slovenia",1992,
"Spain",1992,68.71
"Sweden",1992,78.3
"Switzerland",1992,56.75
"United Kingdom",1992,69.49
"United States",1992,66.17
"TOTAL DAC ",1992,69.36
"EU Institutions",1992,66.23
"Australia",1993,39.84
"Austria",1993,65.44
"Belgium",1993,62.21
"Canada",1993,52.94
"Czech Republique",1993,32
"Denmark",1993,57.63
"Finland",1993,54.68
"France",1993,66.25
"Germany",1993,72.27
"Greece",1993,54.98
"Iceland",1993,75.95
"Ireland",1993,54.24
"Italy",1993,56.95
"Japan",1993,106.86
"Korea",1993,77.05
"Luxembourg",1993,53.25
"Netherlands",1993,60.16
"New Zealand",1993,44.1
"Norway",1993,36.76
"Poland",1993,41.47
"Portugal",1993,54.24
"Slovak Republic",1993,31.92
"Slovenia",1993,
"Spain",1993,57.83
"Sweden",1993,59.82
"Switzerland",1993,55.26
"United Kingdom",1993,61.02
"United States",1993,67.67
"TOTAL DAC ",1993,67.46
"EU Institutions",1993,62.17
"Australia",1994,43.54
"Austria",1994,68.39
"Belgium",1994,65.58
"Canada",1994,50.69
"Czech Republique",1994,36
"Denmark",1994,59.58
"Finland",1994,61.01
"France",1994,68.17
"Germany",1994,75.27
"Greece",1994,57.8
"Iceland",1994,75.31
"Ireland",1994,56.3
"Italy",1994,57.41
"Japan",1994,116.48
"Korea",1994,82.79
"Luxembourg",1994,56.94
"Netherlands",1994,62.74
"New Zealand",1994,48.72
"Norway",1994,36.88
"Poland",1994,45.34
"Portugal",1994,56.32
"Slovak Republic",1994,34.76
"Slovenia",1994,
"Spain",1994,57.06
"Sweden",1994,61.96
"Switzerland",1994,60.46
"United Kingdom",1994,62.96
"United States",1994,69.17
"TOTAL DAC ",1994,70.51
"EU Institutions",1994,64.74
"Australia",1995,45.23
"Austria",1995,78.83
"Belgium",1995,75.3
"Canada",1995,51.6
"Czech Republique",1995,42.68
"Denmark",1995,68.48
"Finland",1995,76.01
"France",1995,76.7
"Germany",1995,86.91
"Greece",1995,66.38
"Iceland",1995,83.81
"Ireland",1995,62.26
"Italy",1995,59.66
"Japan",1995,125.59
"Korea",1995,92.77
"Luxembourg",1995,66.09
"Netherlands",1995,72.53
"New Zealand",1995,55.1
"Norway",1995,42.3
"Poland",1995,54.46
"Portugal",1995,64.44
"Slovak Republic",1995,41.14
"Slovenia",1995,
"Spain",1995,64.39
"Sweden",1995,69.48
"Switzerland",1995,70.4
"United Kingdom",1995,66.48
"United States",1995,70.57
"TOTAL DAC ",1995,78.08
"EU Institutions",1995,73.1
"Australia",1996,48.86
"Austria",1996,75.88
"Belgium",1996,72
"Canada",1996,52.81
"Czech Republique",1996,45.93
"Denmark",1996,67.57
"Finland",1996,72.19
"France",1996,75.85
"Germany",1996,83.24
"Greece",1996,68.64
"Iceland",1996,83.4
"Ireland",1996,62.17
"Italy",1996,66.05
"Japan",1996,107.93
"Korea",1996,93.44
"Luxembourg",1996,64.89
"Netherlands",1996,69.82
"New Zealand",1996,59.05
"Norway",1996,43.23
"Poland",1996,57.57
"Portugal",1996,64.19
"Slovak Republic",1996,41.62
"Slovenia",1996,
"Spain",1996,65.52
"Sweden",1996,74.68
"Switzerland",1996,67.47
"United Kingdom",1996,68.44
"United States",1996,71.88
"TOTAL DAC ",1996,74.32
"EU Institutions",1996,72.31
"Australia",1997,47.22
"Austria",1997,66.7
"Belgium",1997,62.87
"Canada",1997,52.6
"Czech Republique",1997,42.69
"Denmark",1997,60.46
"Finland",1997,65.27
"France",1997,67.05
"Germany",1997,72.39
"Greece",1997,64.25
"Iceland",1997,80.69
"Ireland",1997,61.01
"Italy",1997,61.4
"Japan",1997,97.67
"Korea",1997,82.09
"Luxembourg",1997,55.1
"Netherlands",1997,62.17
"New Zealand",1997,56.81
"Norway",1997,40.57
"Poland",1997,53.95
"Portugal",1997,58.71
"Slovak Republic",1997,39.91
"Slovenia",1997,
"Spain",1997,58.05
"Sweden",1997,66.54
"Switzerland",1997,57.39
"United Kingdom",1997,73.56
"United States",1997,73.1
"TOTAL DAC ",1997,68.98
"EU Institutions",1997,65.56
"Australia",1998,39.89
"Austria",1998,65.98
"Belgium",1998,63.01
"Canada",1998,49.05
"Czech Republique",1998,46.16
"Denmark",1998,60.43
"Finland",1998,65.28
"France",1998,67
"Germany",1998,71.82
"Greece",1998,62.48
"Iceland",1998,84.21
"Ireland",1998,61.07
"Italy",1998,61.75
"Japan",1998,90.2
"Korea",1998,58.51
"Luxembourg",1998,54.09
"Netherlands",1998,62.67
"New Zealand",1998,46.35
"Norway",1998,37.74
"Poland",1998,56.22
"Portugal",1998,59.23
"Slovak Republic",1998,40.01
"Slovenia",1998,
"Spain",1998,58.31
"Sweden",1998,64.5
"Switzerland",1998,57.34
"United Kingdom",1998,75.53
"United States",1998,73.95
"TOTAL DAC ",1998,68.05
"EU Institutions",1998,65.77
"Australia",1999,41.59
"Austria",1999,63.45
"Belgium",1999,60.72
"Canada",1999,49.86
"Czech Republique",1999,44.35
"Denmark",1999,58.9
"Finland",1999,63.13
"France",1999,64.36
"Germany",1999,68.99
"Greece",1999,62.65
"Iceland",1999,85.36
"Ireland",1999,60.86
"Italy",1999,59.92
"Japan",1999,102.35
"Korea",1999,68.33
"Luxembourg",1999,54.63
"Netherlands",1999,61.23
"New Zealand",1999,45.91
"Norway",1999,38.94
"Poland",1999,52.51
"Portugal",1999,58.67
"Slovak Republic",1999,36.57
"Slovenia",1999,
"Spain",1999,57.29
"Sweden",1999,62.67
"Switzerland",1999,55.44
"United Kingdom",1999,74.56
"United States",1999,75.07
"TOTAL DAC ",1999,69.17
"EU Institutions",1999,63.28
"Australia",2000,38.88
"Austria",2000,55.61
"Belgium",2000,53.62
"Canada",2000,52
"Czech Republique",2000,40.34
"Denmark",2000,52.35
"Finland",2000,55.5
"France",2000,56.47
"Germany",2000,59.41
"Greece",2000,53.26
"Iceland",2000,81.4
"Ireland",2000,56.08
"Italy",2000,52.89
"Japan",2000,106.84
"Korea",2000,72.47
"Luxembourg",2000,48.21
"Netherlands",2000,55.13
"New Zealand",2000,40.31
"Norway",2000,39.95
"Poland",2000,51.45
"Portugal",2000,52.52
"Slovak Republic",2000,35.76
"Slovenia",2000,
"Spain",2000,51.2
"Sweden",2000,57.38
"Switzerland",2000,50.02
"United Kingdom",2000,71.45
"United States",2000,76.76
"TOTAL DAC ",2000,66.93
"EU Institutions",2000,55.54
"Australia",2001,35.85
"Austria",2001,55
"Belgium",2001,53.16
"Canada",2001,50.71
"Czech Republique",2001,42.99
"Denmark",2001,52.17
"Finland",2001,55.75
"France",2001,55.99
"Germany",2001,58.51
"Greece",2001,52.87
"Iceland",2001,71.42
"Ireland",2001,58.17
"Italy",2001,52.88
"Japan",2001,93.65
"Korea",2001,65.8
"Luxembourg",2001,46.59
"Netherlands",2001,55.87
"New Zealand",2001,38.99
"Norway",2001,39.76
"Poland",2001,56.59
"Portugal",2001,52.89
"Slovak Republic",2001,35.99
"Slovenia",2001,
"Spain",2001,51.76
"Sweden",2001,52.04
"Switzerland",2001,50.54
"United Kingdom",2001,68.78
"United States",2001,78.54
"TOTAL DAC ",2001,63.71
"EU Institutions",2001,55.36
"Australia",2002,38.97
"Austria",2002,58.56
"Belgium",2002,57
"Canada",2002,50.6
"Czech Republique",2002,51.27
"Denmark",2002,56.35
"Finland",2002,59.2
"France",2002,60.16
"Germany",2002,62.38
"Greece",2002,57.51
"Iceland",2002,80.46
"Ireland",2002,64.52
"Italy",2002,57.55
"Japan",2002,89.43
"Korea",2002,69.98
"Luxembourg",2002,50.06
"Netherlands",2002,61.01
"New Zealand",2002,43.35
"Norway",2002,43.94
"Poland",2002,58.11
"Portugal",2002,58.03
"Slovak Republic",2002,39.88
"Slovenia",2002,
"Spain",2002,56.72
"Sweden",2002,56.28
"Switzerland",2002,54.59
"United Kingdom",2002,73.5
"United States",2002,79.66
"TOTAL DAC ",2002,66.01
"EU Institutions",2002,59.64
"Australia",2003,47.75
"Austria",2003,71.17
"Belgium",2003,69.59
"Canada",2003,58.67
"Czech Republique",2003,60.27
"Denmark",2003,68.62
"Finland",2003,71.13
"France",2003,73.45
"Germany",2003,75.68
"Greece",2003,71.19
"Iceland",2003,96.49
"Ireland",2003,80.46
"Italy",2003,71.19
"Japan",2003,95.03
"Korea",2003,76.02
"Luxembourg",2003,61.72
"Netherlands",2003,74.72
"New Zealand",2003,55.18
"Norway",2003,51.06
"Poland",2003,61.46
"Portugal",2003,71.99
"Slovak Republic",2003,51.77
"Slovenia",2003,
"Spain",2003,70.61
"Sweden",2003,68.86
"Switzerland",2003,63.8
"United Kingdom",2003,81.71
"United States",2003,81.26
"TOTAL DAC ",2003,75.14
"EU Institutions",2003,73.15
"Australia",2004,56.28
"Austria",2004,79.6
"Belgium",2004,78.27
"Canada",2004,65.2
"Czech Republique",2004,68.65
"Denmark",2004,76.89
"Finland",2004,78.73
"France",2004,82.13
"Germany",2004,84.11
"Greece",2004,80.75
"Iceland",2004,108.11
"Ireland",2004,90.8
"Italy",2004,80.25
"Japan",2004,100.5
"Korea",2004,81.35
"Luxembourg",2004,69.16
"Netherlands",2004,83.08
"New Zealand",2004,65.34
"Norway",2004,56.77
"Poland",2004,68.21
"Portugal",2004,81
"Slovak Republic",2004,62.44
"Slovenia",2004,
"Spain",2004,80.7
"Sweden",2004,76.16
"Switzerland",2004,69.35
"United Kingdom",2004,94.42
"United States",2004,83.51
"TOTAL DAC ",2004,82.04
"EU Institutions",2004,81.99
"Australia",2005,60.85
"Austria",2005,81.77
"Belgium",2005,80.05
"Canada",2005,72.23
"Czech Republique",2005,73.71
"Denmark",2005,79.02
"Finland",2005,79.46
"France",2005,83.71
"Germany",2005,84.68
"Greece",2005,82.4
"Iceland",2005,124.94
"Ireland",2005,93.52
"Italy",2005,81.8
"Japan",2005,97.4
"Korea",2005,91.89
"Luxembourg",2005,71.77
"Netherlands",2005,84.39
"New Zealand",2005,71.07
"Norway",2005,64.75
"Poland",2005,79.02
"Portugal",2005,83.78
"Slovak Republic",2005,66.46
"Slovenia",2005,79.99
"Spain",2005,84.16
"Sweden",2005,75.48
"Switzerland",2005,69.62
"United Kingdom",2005,96.25
"United States",2005,86.22
"TOTAL DAC ",2005,84.53
"EU Institutions",2005,83.48
"Australia",2006,63.26
"Austria",2006,84.11
"Belgium",2006,82.9
"Canada",2006,79.29
"Czech Republique",2006,78.77
"Denmark",2006,81.44
"Finland",2006,80.95
"France",2006,86.37
"Germany",2006,85.79
"Greece",2006,86
"Iceland",2006,122.27
"Ireland",2006,97.25
"Italy",2006,84.15
"Japan",2006,91.12
"Korea",2006,98.77
"Luxembourg",2006,77.34
"Netherlands",2006,87.07
"New Zealand",2006,67.2
"Norway",2006,70.74
"Poland",2006,83.87
"Portugal",2006,87.3
"Slovak Republic",2006,71.57
"Slovenia",2006,82.49
"Spain",2006,88.36
"Sweden",2006,77.82
"Switzerland",2006,70.55
"United Kingdom",2006,100.06
"United States",2006,88.85
"TOTAL DAC ",2006,86.43
"EU Institutions",2006,85.88
"Australia",2007,73.22
"Austria",2007,93.79
"Belgium",2007,92.54
"Canada",2007,86.39
"Czech Republique",2007,90.78
"Denmark",2007,91.19
"Finland",2007,90.77
"France",2007,96.6
"Germany",2007,95.14
"Greece",2007,97.04
"Iceland",2007,139.15
"Ireland",2007,108.21
"Italy",2007,94.04
"Japan",2007,89.22
"Korea",2007,103.54
"Luxembourg",2007,85.54
"Netherlands",2007,96.77
"New Zealand",2007,79.48
"Norway",2007,79.74
"Poland",2007,97.77
"Portugal",2007,98.05
"Slovak Republic",2007,86.97
"Slovenia",2007,93.73
"Spain",2007,99.53
"Sweden",2007,87.32
"Switzerland",2007,75.31
"United Kingdom",2007,111.9
"United States",2007,91.19
"TOTAL DAC ",2007,92.99
"EU Institutions",2007,95.87
"Australia",2008,76.82
"Austria",2008,100.47
"Belgium",2008,99.43
"Canada",2008,89.68
"Czech Republique",2008,108.37
"Denmark",2008,99.98
"Finland",2008,98.56
"France",2008,104.21
"Germany",2008,101.07
"Greece",2008,106.65
"Iceland",2008,109.27
"Ireland",2008,111.33
"Italy",2008,101.58
"Japan",2008,100.2
"Korea",2008,89.26
"Luxembourg",2008,93.72
"Netherlands",2008,104.29
"New Zealand",2008,77.52
"Norway",2008,90.81
"Poland",2008,114.61
"Portugal",2008,105.01
"Slovak Republic",2008,101.87
"Slovenia",2008,103.27
"Spain",2008,107.13
"Sweden",2008,91.36
"Switzerland",2008,84.01
"United Kingdom",2008,104.2
"United States",2008,92.97
"TOTAL DAC ",2008,97.8
"EU Institutions",2008,102.92
"Australia",2009,72.87
"Austria",2009,98.9
"Belgium",2009,97.03
"Canada",2009,82.72
"Czech Republique",2009,101.6
"Denmark",2009,97.14
"Finland",2009,97.01
"France",2009,100.71
"Germany",2009,99.38
"Greece",2009,105.74
"Iceland",2009,86.99
"Ireland",2009,103.23
"Italy",2009,99.97
"Japan",2009,110.46
"Korea",2009,80.53
"Luxembourg",2009,91.85
"Netherlands",2009,101.1
"New Zealand",2009,70.61
"Norway",2009,78.12
"Poland",2009,93.62
"Portugal",2009,102.52
"Slovak Republic",2009,100.83
"Slovenia",2009,103.02
"Spain",2009,103.64
"Sweden",2009,81.84
"Switzerland",2009,85.33
"United Kingdom",2009,91.69
"United States",2009,93.72
"TOTAL DAC ",2009,94.75
"EU Institutions",2009,100.49
"Australia",2010,90.37
"Austria",2010,94.92
"Belgium",2010,94.16
"Canada",2010,94.05
"Czech Republique",2010,99.62
"Denmark",2010,95.34
"Finland",2010,92.54
"France",2010,96.86
"Germany",2010,95.19
"Greece",2010,101.48
"Iceland",2010,92.47
"Ireland",2010,96.6
"Italy",2010,95.37
"Japan",2010,114.99
"Korea",2010,91.62
"Luxembourg",2010,90.65
"Netherlands",2010,97.33
"New Zealand",2010,83.68
"Norway",2010,86.21
"Poland",2010,98.23
"Portugal",2010,98.2
"Slovak Republic",2010,96.39
"Slovenia",2010,96.93
"Spain",2010,98.77
"Sweden",2010,87.63
"Switzerland",2010,88.97
"United Kingdom",2010,93.53
"United States",2010,94.85
"TOTAL DAC ",2010,95.77
"EU Institutions",2010,96.26
"Australia",2011,106.01
"Austria",2011,101.54
"Belgium",2011,101.12
"Canada",2011,101.25
"Czech Republique",2011,107.34
"Denmark",2011,100.59
"Finland",2011,99.68
"France",2011,102.59
"Germany",2011,101.03
"Greece",2011,107.17
"Iceland",2011,100.04
"Ireland",2011,102.34
"Italy",2011,101.62
"Japan",2011,124.32
"Korea",2011,97.14
"Luxembourg",2011,99.91
"Netherlands",2011,102.28
"New Zealand",2011,94.42
"Norway",2011,99.22
"Poland",2011,103.17
"Portugal",2011,102.77
"Slovak Republic",2011,102.8
"Slovenia",2011,103
"Spain",2011,103.79
"Sweden",2011,98.36
"Switzerland",2011,104.78
"United Kingdom",2011,99.16
"United States",2011,96.81
"TOTAL DAC ",2011,101.72
"EU Institutions",2011,102.07
"Australia",2012,106.15
"Austria",2012,95.34
"Belgium",2012,95.38
"Canada",2012,101.71
"Czech Republique",2012,98.45
"Denmark",2012,95.44
"Finland",2012,94.57
"France",2012,96.06
"Germany",2012,94.87
"Greece",2012,99.07
"Iceland",2012,95.68
"Ireland",2012,95.85
"Italy",2012,95.42
"Japan",2012,123.08
"Korea",2012,96.47
"Luxembourg",2012,95.55
"Netherlands",2012,95.77
"New Zealand",2012,96.22
"Norway",2012,98.31
"Poland",2012,96.07
"Portugal",2012,94.63
"Slovak Republic",2012,96.25
"Slovenia",2012,95.47
"Spain",2012,96.14
"Sweden",2012,95.26
"Switzerland",2012,99.06
"United Kingdom",2012,99.68
"United States",2012,98.59
"TOTAL DAC ",2012,99.47
"EU Institutions",2012,95.59
"Australia",2013,100
"Austria",2013,100
"Belgium",2013,100
"Canada",2013,100
"Czech Republique",2013,100
"Denmark",2013,100
"Finland",2013,100
"France",2013,100
"Germany",2013,100
"Greece",2013,100
"Iceland",2013,100
"Ireland",2013,100
"Italy",2013,100
"Japan",2013,100
"Korea",2013,100
"Luxembourg",2013,100
"Netherlands",2013,100
"New Zealand",2013,100
"Norway",2013,100
"Poland",2013,100
"Portugal",2013,100
"Slovak Republic",2013,100
"Slovenia",2013,100
"Spain",2013,100
"Sweden",2013,100
"Switzerland",2013,100
"United Kingdom",2013,100
"United States",2013,100
"TOTAL DAC ",2013,100
"EU Institutions",2013,100
"Australia",2014,93.45
"Austria",2014,101.55
"Belgium",2014,100.43
"Canada",2014,94.94
"Czech Republique",2014,96.69
"Denmark",2014,100.73
"Finland",2014,101.23
"France",2014,100.71
"Germany",2014,101.94
"Greece",2014,97.8
"Iceland",2014,105.49
"Ireland",2014,100.13
"Italy",2014,100.32
"Japan",2014,93.72
"Korea",2014,104.55
"Luxembourg",2014,100.55
"Netherlands",2014,100.91
"New Zealand",2014,102.82
"Norway",2014,94.07
"Poland",2014,101.01
"Portugal",2014,100.82
"Slovak Republic",2014,99.45
"Slovenia",2014,100.13
"Spain",2014,100.03
"Sweden",2014,96.18
"Switzerland",2014,101.49
"United Kingdom",2014,107.24
"United States",2014,101.59
"TOTAL DAC ",2014,100.59
"EU Institutions",2014,100.91
