"DAC_DONOR","PART","TRANSACTYPE","FLOWS","DATATYPE","TIME_FORMAT","UNIT","POWERCODE","REFERENCEPERIOD","obsTime","obsValue"
"Austria","1 : Part I - Developing Countries","I.B.1.2. EU institutions","Net Disbursements","Constant Prices","Annual","US Dollar","millions","2013","1995",106.92
"Austria","1 : Part I - Developing Countries","I.B.1.2. EU institutions","Net Disbursements","Constant Prices","Annual","US Dollar","millions","2013","1996",123.99
"Austria","1 : Part I - Developing Countries","I.B.1.2. EU institutions","Net Disbursements","Constant Prices","Annual","US Dollar","millions","2013","1997",145.2
"Austria","1 : Part I - Developing Countries","I.B.1.2. EU institutions","Net Disbursements","Constant Prices","Annual","US Dollar","millions","2013","1998",121.78
"Austria","1 : Part I - Developing Countries","I.B.1.2. EU institutions","Net Disbursements","Constant Prices","Annual","US Dollar","millions","2013","1999",189.37
"Austria","1 : Part I - Developing Countries","I.B.1.2. EU institutions","Net Disbursements","Constant Prices","Annual","US Dollar","millions","2013","2000",156.01
"Austria","1 : Part I - Developing Countries","I.B.1.2. EU institutions","Net Disbursements","Constant Prices","Annual","US Dollar","millions","2013","2001",170.03
"Austria","1 : Part I - Developing Countries","I.B.1.2. EU institutions","Net Disbursements","Constant Prices","Annual","US Dollar","millions","2013","2002",166.95
"Austria","1 : Part I - Developing Countries","I.B.1.2. EU institutions","Net Disbursements","Constant Prices","Annual","US Dollar","millions","2013","2003",237.46
"Austria","1 : Part I - Developing Countries","I.B.1.2. EU institutions","Net Disbursements","Constant Prices","Annual","US Dollar","millions","2013","2004",251.07
"Austria","1 : Part I - Developing Countries","I.B.1.2. EU institutions","Net Disbursements","Constant Prices","Annual","US Dollar","millions","2013","2005",269.82
"Austria","1 : Part I - Developing Countries","I.B.1.2. EU institutions","Net Disbursements","Constant Prices","Annual","US Dollar","millions","2013","2006",280.54
"Austria","1 : Part I - Developing Countries","I.B.1.2. EU institutions","Net Disbursements","Constant Prices","Annual","US Dollar","millions","2013","2007",277.98
"Austria","1 : Part I - Developing Countries","I.B.1.2. EU institutions","Net Disbursements","Constant Prices","Annual","US Dollar","millions","2013","2008",291.8
"Austria","1 : Part I - Developing Countries","I.B.1.2. EU institutions","Net Disbursements","Constant Prices","Annual","US Dollar","millions","2013","2009",330.67
"Austria","1 : Part I - Developing Countries","I.B.1.2. EU institutions","Net Disbursements","Constant Prices","Annual","US Dollar","millions","2013","2010",341.96
"Austria","1 : Part I - Developing Countries","I.B.1.2. EU institutions","Net Disbursements","Constant Prices","Annual","US Dollar","millions","2013","2011",309.85
"Austria","1 : Part I - Developing Countries","I.B.1.2. EU institutions","Net Disbursements","Constant Prices","Annual","US Dollar","millions","2013","2012",288.63
"Austria","1 : Part I - Developing Countries","I.B.1.2. EU institutions","Net Disbursements","Constant Prices","Annual","US Dollar","millions","2013","2013",298.69
"Austria","1 : Part I - Developing Countries","I.B.1.2. EU institutions","Net Disbursements","Constant Prices","Annual","US Dollar","millions","2013","2014",300.05
"Sweden","1 : Part I - Developing Countries","I.B.1.2. EU institutions","Net Disbursements","Constant Prices","Annual","US Dollar","millions","2013","1995",142.64
"Sweden","1 : Part I - Developing Countries","I.B.1.2. EU institutions","Net Disbursements","Constant Prices","Annual","US Dollar","millions","2013","1996",141.16
"Sweden","1 : Part I - Developing Countries","I.B.1.2. EU institutions","Net Disbursements","Constant Prices","Annual","US Dollar","millions","2013","1997",139.16
"Sweden","1 : Part I - Developing Countries","I.B.1.2. EU institutions","Net Disbursements","Constant Prices","Annual","US Dollar","millions","2013","1998",149.63
"Sweden","1 : Part I - Developing Countries","I.B.1.2. EU institutions","Net Disbursements","Constant Prices","Annual","US Dollar","millions","2013","1999",143.05
"Sweden","1 : Part I - Developing Countries","I.B.1.2. EU institutions","Net Disbursements","Constant Prices","Annual","US Dollar","millions","2013","2000",144.08
"Sweden","1 : Part I - Developing Countries","I.B.1.2. EU institutions","Net Disbursements","Constant Prices","Annual","US Dollar","millions","2013","2001",216.09
"Sweden","1 : Part I - Developing Countries","I.B.1.2. EU institutions","Net Disbursements","Constant Prices","Annual","US Dollar","millions","2013","2002",147.85
"Sweden","1 : Part I - Developing Countries","I.B.1.2. EU institutions","Net Disbursements","Constant Prices","Annual","US Dollar","millions","2013","2003",178.37
"Sweden","1 : Part I - Developing Countries","I.B.1.2. EU institutions","Net Disbursements","Constant Prices","Annual","US Dollar","millions","2013","2004",295.62
"Sweden","1 : Part I - Developing Countries","I.B.1.2. EU institutions","Net Disbursements","Constant Prices","Annual","US Dollar","millions","2013","2005",261.74
"Sweden","1 : Part I - Developing Countries","I.B.1.2. EU institutions","Net Disbursements","Constant Prices","Annual","US Dollar","millions","2013","2006",316.04
"Sweden","1 : Part I - Developing Countries","I.B.1.2. EU institutions","Net Disbursements","Constant Prices","Annual","US Dollar","millions","2013","2007",358.1
"Sweden","1 : Part I - Developing Countries","I.B.1.2. EU institutions","Net Disbursements","Constant Prices","Annual","US Dollar","millions","2013","2008",405.44
"Sweden","1 : Part I - Developing Countries","I.B.1.2. EU institutions","Net Disbursements","Constant Prices","Annual","US Dollar","millions","2013","2009",363.7
"Sweden","1 : Part I - Developing Countries","I.B.1.2. EU institutions","Net Disbursements","Constant Prices","Annual","US Dollar","millions","2013","2010",450.15
"Sweden","1 : Part I - Developing Countries","I.B.1.2. EU institutions","Net Disbursements","Constant Prices","Annual","US Dollar","millions","2013","2011",383.29
"Sweden","1 : Part I - Developing Countries","I.B.1.2. EU institutions","Net Disbursements","Constant Prices","Annual","US Dollar","millions","2013","2012",362.37
"Sweden","1 : Part I - Developing Countries","I.B.1.2. EU institutions","Net Disbursements","Constant Prices","Annual","US Dollar","millions","2013","2013",371.59
"Sweden","1 : Part I - Developing Countries","I.B.1.2. EU institutions","Net Disbursements","Constant Prices","Annual","US Dollar","millions","2013","2014",412.23
"United Kingdom","1 : Part I - Developing Countries","I.B.1.2. EU institutions","Net Disbursements","Constant Prices","Annual","US Dollar","millions","2013","1990",917.45
"United Kingdom","1 : Part I - Developing Countries","I.B.1.2. EU institutions","Net Disbursements","Constant Prices","Annual","US Dollar","millions","2013","1991",1059.69
"United Kingdom","1 : Part I - Developing Countries","I.B.1.2. EU institutions","Net Disbursements","Constant Prices","Annual","US Dollar","millions","2013","1992",1025.56
"United Kingdom","1 : Part I - Developing Countries","I.B.1.2. EU institutions","Net Disbursements","Constant Prices","Annual","US Dollar","millions","2013","1993",1159.98
"United Kingdom","1 : Part I - Developing Countries","I.B.1.2. EU institutions","Net Disbursements","Constant Prices","Annual","US Dollar","millions","2013","1994",1178.69
"United Kingdom","1 : Part I - Developing Countries","I.B.1.2. EU institutions","Net Disbursements","Constant Prices","Annual","US Dollar","millions","2013","1995",1286.44
"United Kingdom","1 : Part I - Developing Countries","I.B.1.2. EU institutions","Net Disbursements","Constant Prices","Annual","US Dollar","millions","2013","1996",1031.82
"United Kingdom","1 : Part I - Developing Countries","I.B.1.2. EU institutions","Net Disbursements","Constant Prices","Annual","US Dollar","millions","2013","1997",968.5
"United Kingdom","1 : Part I - Developing Countries","I.B.1.2. EU institutions","Net Disbursements","Constant Prices","Annual","US Dollar","millions","2013","1998",1096.54
"United Kingdom","1 : Part I - Developing Countries","I.B.1.2. EU institutions","Net Disbursements","Constant Prices","Annual","US Dollar","millions","2013","1999",1098.74
"United Kingdom","1 : Part I - Developing Countries","I.B.1.2. EU institutions","Net Disbursements","Constant Prices","Annual","US Dollar","millions","2013","2000",1367.59
"United Kingdom","1 : Part I - Developing Countries","I.B.1.2. EU institutions","Net Disbursements","Constant Prices","Annual","US Dollar","millions","2013","2001",1196.13
"United Kingdom","1 : Part I - Developing Countries","I.B.1.2. EU institutions","Net Disbursements","Constant Prices","Annual","US Dollar","millions","2013","2002",1261.88
"United Kingdom","1 : Part I - Developing Countries","I.B.1.2. EU institutions","Net Disbursements","Constant Prices","Annual","US Dollar","millions","2013","2003",1322.26
"United Kingdom","1 : Part I - Developing Countries","I.B.1.2. EU institutions","Net Disbursements","Constant Prices","Annual","US Dollar","millions","2013","2004",1623.58
"United Kingdom","1 : Part I - Developing Countries","I.B.1.2. EU institutions","Net Disbursements","Constant Prices","Annual","US Dollar","millions","2013","2005",1225.49
"United Kingdom","1 : Part I - Developing Countries","I.B.1.2. EU institutions","Net Disbursements","Constant Prices","Annual","US Dollar","millions","2013","2006",1510.67
"United Kingdom","1 : Part I - Developing Countries","I.B.1.2. EU institutions","Net Disbursements","Constant Prices","Annual","US Dollar","millions","2013","2007",1915.43
"United Kingdom","1 : Part I - Developing Countries","I.B.1.2. EU institutions","Net Disbursements","Constant Prices","Annual","US Dollar","millions","2013","2008",1951.94
"United Kingdom","1 : Part I - Developing Countries","I.B.1.2. EU institutions","Net Disbursements","Constant Prices","Annual","US Dollar","millions","2013","2009",2120.26
"United Kingdom","1 : Part I - Developing Countries","I.B.1.2. EU institutions","Net Disbursements","Constant Prices","Annual","US Dollar","millions","2013","2010",2147.84
"United Kingdom","1 : Part I - Developing Countries","I.B.1.2. EU institutions","Net Disbursements","Constant Prices","Annual","US Dollar","millions","2013","2011",1914.71
"United Kingdom","1 : Part I - Developing Countries","I.B.1.2. EU institutions","Net Disbursements","Constant Prices","Annual","US Dollar","millions","2013","2012",1858.12
"United Kingdom","1 : Part I - Developing Countries","I.B.1.2. EU institutions","Net Disbursements","Constant Prices","Annual","US Dollar","millions","2013","2013",1906.58
"United Kingdom","1 : Part I - Developing Countries","I.B.1.2. EU institutions","Net Disbursements","Constant Prices","Annual","US Dollar","millions","2013","2014",1823.43
"Finland","1 : Part I - Developing Countries","I.B.1.2. EU institutions","Net Disbursements","Constant Prices","Annual","US Dollar","millions","2013","1995",55.67
"Finland","1 : Part I - Developing Countries","I.B.1.2. EU institutions","Net Disbursements","Constant Prices","Annual","US Dollar","millions","2013","1996",67.02
"Finland","1 : Part I - Developing Countries","I.B.1.2. EU institutions","Net Disbursements","Constant Prices","Annual","US Dollar","millions","2013","1997",73.89
"Finland","1 : Part I - Developing Countries","I.B.1.2. EU institutions","Net Disbursements","Constant Prices","Annual","US Dollar","millions","2013","1998",99.37
"Finland","1 : Part I - Developing Countries","I.B.1.2. EU institutions","Net Disbursements","Constant Prices","Annual","US Dollar","millions","2013","1999",89.9
"Finland","1 : Part I - Developing Countries","I.B.1.2. EU institutions","Net Disbursements","Constant Prices","Annual","US Dollar","millions","2013","2000",91.09
"Finland","1 : Part I - Developing Countries","I.B.1.2. EU institutions","Net Disbursements","Constant Prices","Annual","US Dollar","millions","2013","2001",98.92
"Finland","1 : Part I - Developing Countries","I.B.1.2. EU institutions","Net Disbursements","Constant Prices","Annual","US Dollar","millions","2013","2002",106.95
"Finland","1 : Part I - Developing Countries","I.B.1.2. EU institutions","Net Disbursements","Constant Prices","Annual","US Dollar","millions","2013","2003",151.93
"Finland","1 : Part I - Developing Countries","I.B.1.2. EU institutions","Net Disbursements","Constant Prices","Annual","US Dollar","millions","2013","2004",163.55
"Finland","1 : Part I - Developing Countries","I.B.1.2. EU institutions","Net Disbursements","Constant Prices","Annual","US Dollar","millions","2013","2005",176.13
"Finland","1 : Part I - Developing Countries","I.B.1.2. EU institutions","Net Disbursements","Constant Prices","Annual","US Dollar","millions","2013","2006",189.57
"Finland","1 : Part I - Developing Countries","I.B.1.2. EU institutions","Net Disbursements","Constant Prices","Annual","US Dollar","millions","2013","2007",193.93
"Finland","1 : Part I - Developing Countries","I.B.1.2. EU institutions","Net Disbursements","Constant Prices","Annual","US Dollar","millions","2013","2008",214.41
"Finland","1 : Part I - Developing Countries","I.B.1.2. EU institutions","Net Disbursements","Constant Prices","Annual","US Dollar","millions","2013","2009",222.31
"Finland","1 : Part I - Developing Countries","I.B.1.2. EU institutions","Net Disbursements","Constant Prices","Annual","US Dollar","millions","2013","2010",216.07
"Finland","1 : Part I - Developing Countries","I.B.1.2. EU institutions","Net Disbursements","Constant Prices","Annual","US Dollar","millions","2013","2011",214.55
"Finland","1 : Part I - Developing Countries","I.B.1.2. EU institutions","Net Disbursements","Constant Prices","Annual","US Dollar","millions","2013","2012",198.39
"Finland","1 : Part I - Developing Countries","I.B.1.2. EU institutions","Net Disbursements","Constant Prices","Annual","US Dollar","millions","2013","2013",198.29
"Finland","1 : Part I - Developing Countries","I.B.1.2. EU institutions","Net Disbursements","Constant Prices","Annual","US Dollar","millions","2013","2014",194.09
"Belgium","1 : Part I - Developing Countries","I.B.1.2. EU institutions","Net Disbursements","Constant Prices","Annual","US Dollar","millions","2013","1990",208.81
"Belgium","1 : Part I - Developing Countries","I.B.1.2. EU institutions","Net Disbursements","Constant Prices","Annual","US Dollar","millions","2013","1991",304.58
"Belgium","1 : Part I - Developing Countries","I.B.1.2. EU institutions","Net Disbursements","Constant Prices","Annual","US Dollar","millions","2013","1992",253.78
"Belgium","1 : Part I - Developing Countries","I.B.1.2. EU institutions","Net Disbursements","Constant Prices","Annual","US Dollar","millions","2013","1993",229.01
"Belgium","1 : Part I - Developing Countries","I.B.1.2. EU institutions","Net Disbursements","Constant Prices","Annual","US Dollar","millions","2013","1994",298.76
"Belgium","1 : Part I - Developing Countries","I.B.1.2. EU institutions","Net Disbursements","Constant Prices","Annual","US Dollar","millions","2013","1995",280.18
"Belgium","1 : Part I - Developing Countries","I.B.1.2. EU institutions","Net Disbursements","Constant Prices","Annual","US Dollar","millions","2013","1996",259.55
"Belgium","1 : Part I - Developing Countries","I.B.1.2. EU institutions","Net Disbursements","Constant Prices","Annual","US Dollar","millions","2013","1997",299.46
"Belgium","1 : Part I - Developing Countries","I.B.1.2. EU institutions","Net Disbursements","Constant Prices","Annual","US Dollar","millions","2013","1998",307.8
"Belgium","1 : Part I - Developing Countries","I.B.1.2. EU institutions","Net Disbursements","Constant Prices","Annual","US Dollar","millions","2013","1999",348.72
"Belgium","1 : Part I - Developing Countries","I.B.1.2. EU institutions","Net Disbursements","Constant Prices","Annual","US Dollar","millions","2013","2000",354.73
"Belgium","1 : Part I - Developing Countries","I.B.1.2. EU institutions","Net Disbursements","Constant Prices","Annual","US Dollar","millions","2013","2001",358.47
"Belgium","1 : Part I - Developing Countries","I.B.1.2. EU institutions","Net Disbursements","Constant Prices","Annual","US Dollar","millions","2013","2002",365.67
"Belgium","1 : Part I - Developing Countries","I.B.1.2. EU institutions","Net Disbursements","Constant Prices","Annual","US Dollar","millions","2013","2003",405.76
"Belgium","1 : Part I - Developing Countries","I.B.1.2. EU institutions","Net Disbursements","Constant Prices","Annual","US Dollar","millions","2013","2004",427.69
"Belgium","1 : Part I - Developing Countries","I.B.1.2. EU institutions","Net Disbursements","Constant Prices","Annual","US Dollar","millions","2013","2005",459.83
"Belgium","1 : Part I - Developing Countries","I.B.1.2. EU institutions","Net Disbursements","Constant Prices","Annual","US Dollar","millions","2013","2006",473.5
"Belgium","1 : Part I - Developing Countries","I.B.1.2. EU institutions","Net Disbursements","Constant Prices","Annual","US Dollar","millions","2013","2007",490.63
"Belgium","1 : Part I - Developing Countries","I.B.1.2. EU institutions","Net Disbursements","Constant Prices","Annual","US Dollar","millions","2013","2008",552.36
"Belgium","1 : Part I - Developing Countries","I.B.1.2. EU institutions","Net Disbursements","Constant Prices","Annual","US Dollar","millions","2013","2009",608.96
"Belgium","1 : Part I - Developing Countries","I.B.1.2. EU institutions","Net Disbursements","Constant Prices","Annual","US Dollar","millions","2013","2010",579.89
"Belgium","1 : Part I - Developing Countries","I.B.1.2. EU institutions","Net Disbursements","Constant Prices","Annual","US Dollar","millions","2013","2011",518.78
"Belgium","1 : Part I - Developing Countries","I.B.1.2. EU institutions","Net Disbursements","Constant Prices","Annual","US Dollar","millions","2013","2012",472.14
"Belgium","1 : Part I - Developing Countries","I.B.1.2. EU institutions","Net Disbursements","Constant Prices","Annual","US Dollar","millions","2013","2013",495.65
"Belgium","1 : Part I - Developing Countries","I.B.1.2. EU institutions","Net Disbursements","Constant Prices","Annual","US Dollar","millions","2013","2014",469.23
"DAC Countries, Total","1 : Part I - Developing Countries","I.B.1.2. EU institutions","Net Disbursements","Constant Prices","Annual","US Dollar","millions","2013","1990",5103.02
"DAC Countries, Total","1 : Part I - Developing Countries","I.B.1.2. EU institutions","Net Disbursements","Constant Prices","Annual","US Dollar","millions","2013","1991",6787.71
"DAC Countries, Total","1 : Part I - Developing Countries","I.B.1.2. EU institutions","Net Disbursements","Constant Prices","Annual","US Dollar","millions","2013","1992",6203.62
"DAC Countries, Total","1 : Part I - Developing Countries","I.B.1.2. EU institutions","Net Disbursements","Constant Prices","Annual","US Dollar","millions","2013","1993",6403.01
"DAC Countries, Total","1 : Part I - Developing Countries","I.B.1.2. EU institutions","Net Disbursements","Constant Prices","Annual","US Dollar","millions","2013","1994",7144.1
"DAC Countries, Total","1 : Part I - Developing Countries","I.B.1.2. EU institutions","Net Disbursements","Constant Prices","Annual","US Dollar","millions","2013","1995",7318.06
"DAC Countries, Total","1 : Part I - Developing Countries","I.B.1.2. EU institutions","Net Disbursements","Constant Prices","Annual","US Dollar","millions","2013","1996",6426.52
"DAC Countries, Total","1 : Part I - Developing Countries","I.B.1.2. EU institutions","Net Disbursements","Constant Prices","Annual","US Dollar","millions","2013","1997",7238.77
"DAC Countries, Total","1 : Part I - Developing Countries","I.B.1.2. EU institutions","Net Disbursements","Constant Prices","Annual","US Dollar","millions","2013","1998",7462.43
"DAC Countries, Total","1 : Part I - Developing Countries","I.B.1.2. EU institutions","Net Disbursements","Constant Prices","Annual","US Dollar","millions","2013","1999",7690.97
"DAC Countries, Total","1 : Part I - Developing Countries","I.B.1.2. EU institutions","Net Disbursements","Constant Prices","Annual","US Dollar","millions","2013","2000",8491.87
"DAC Countries, Total","1 : Part I - Developing Countries","I.B.1.2. EU institutions","Net Disbursements","Constant Prices","Annual","US Dollar","millions","2013","2001",8642.53
"DAC Countries, Total","1 : Part I - Developing Countries","I.B.1.2. EU institutions","Net Disbursements","Constant Prices","Annual","US Dollar","millions","2013","2002",9261.38
"DAC Countries, Total","1 : Part I - Developing Countries","I.B.1.2. EU institutions","Net Disbursements","Constant Prices","Annual","US Dollar","millions","2013","2003",9364.06
"DAC Countries, Total","1 : Part I - Developing Countries","I.B.1.2. EU institutions","Net Disbursements","Constant Prices","Annual","US Dollar","millions","2013","2004",10839.75
"DAC Countries, Total","1 : Part I - Developing Countries","I.B.1.2. EU institutions","Net Disbursements","Constant Prices","Annual","US Dollar","millions","2013","2005",11192.11
"DAC Countries, Total","1 : Part I - Developing Countries","I.B.1.2. EU institutions","Net Disbursements","Constant Prices","Annual","US Dollar","millions","2013","2006",11615.11
"DAC Countries, Total","1 : Part I - Developing Countries","I.B.1.2. EU institutions","Net Disbursements","Constant Prices","Annual","US Dollar","millions","2013","2007",12286.16
"DAC Countries, Total","1 : Part I - Developing Countries","I.B.1.2. EU institutions","Net Disbursements","Constant Prices","Annual","US Dollar","millions","2013","2008",13129.58
"DAC Countries, Total","1 : Part I - Developing Countries","I.B.1.2. EU institutions","Net Disbursements","Constant Prices","Annual","US Dollar","millions","2013","2009",14462.61
"DAC Countries, Total","1 : Part I - Developing Countries","I.B.1.2. EU institutions","Net Disbursements","Constant Prices","Annual","US Dollar","millions","2013","2010",14241.52
"DAC Countries, Total","1 : Part I - Developing Countries","I.B.1.2. EU institutions","Net Disbursements","Constant Prices","Annual","US Dollar","millions","2013","2011",13458.05
"DAC Countries, Total","1 : Part I - Developing Countries","I.B.1.2. EU institutions","Net Disbursements","Constant Prices","Annual","US Dollar","millions","2013","2012",12433.6
"DAC Countries, Total","1 : Part I - Developing Countries","I.B.1.2. EU institutions","Net Disbursements","Constant Prices","Annual","US Dollar","millions","2013","2013",12746.97
"DAC Countries, Total","1 : Part I - Developing Countries","I.B.1.2. EU institutions","Net Disbursements","Constant Prices","Annual","US Dollar","millions","2013","2014",12806.22
"G7 Countries, Total","1 : Part I - Developing Countries","I.B.1.2. EU institutions","Net Disbursements","Constant Prices","Annual","US Dollar","millions","2013","1990",3945.61
"G7 Countries, Total","1 : Part I - Developing Countries","I.B.1.2. EU institutions","Net Disbursements","Constant Prices","Annual","US Dollar","millions","2013","1991",5255.68
"G7 Countries, Total","1 : Part I - Developing Countries","I.B.1.2. EU institutions","Net Disbursements","Constant Prices","Annual","US Dollar","millions","2013","1992",4774.63
"G7 Countries, Total","1 : Part I - Developing Countries","I.B.1.2. EU institutions","Net Disbursements","Constant Prices","Annual","US Dollar","millions","2013","1993",4964.93
"G7 Countries, Total","1 : Part I - Developing Countries","I.B.1.2. EU institutions","Net Disbursements","Constant Prices","Annual","US Dollar","millions","2013","1994",5450.06
"G7 Countries, Total","1 : Part I - Developing Countries","I.B.1.2. EU institutions","Net Disbursements","Constant Prices","Annual","US Dollar","millions","2013","1995",5431.03
"G7 Countries, Total","1 : Part I - Developing Countries","I.B.1.2. EU institutions","Net Disbursements","Constant Prices","Annual","US Dollar","millions","2013","1996",4592.51
"G7 Countries, Total","1 : Part I - Developing Countries","I.B.1.2. EU institutions","Net Disbursements","Constant Prices","Annual","US Dollar","millions","2013","1997",5102.58
"G7 Countries, Total","1 : Part I - Developing Countries","I.B.1.2. EU institutions","Net Disbursements","Constant Prices","Annual","US Dollar","millions","2013","1998",5117.51
"G7 Countries, Total","1 : Part I - Developing Countries","I.B.1.2. EU institutions","Net Disbursements","Constant Prices","Annual","US Dollar","millions","2013","1999",5381.62
"G7 Countries, Total","1 : Part I - Developing Countries","I.B.1.2. EU institutions","Net Disbursements","Constant Prices","Annual","US Dollar","millions","2013","2000",6056.33
"G7 Countries, Total","1 : Part I - Developing Countries","I.B.1.2. EU institutions","Net Disbursements","Constant Prices","Annual","US Dollar","millions","2013","2001",6181.91
"G7 Countries, Total","1 : Part I - Developing Countries","I.B.1.2. EU institutions","Net Disbursements","Constant Prices","Annual","US Dollar","millions","2013","2002",6733.19
"G7 Countries, Total","1 : Part I - Developing Countries","I.B.1.2. EU institutions","Net Disbursements","Constant Prices","Annual","US Dollar","millions","2013","2003",6542.94
"G7 Countries, Total","1 : Part I - Developing Countries","I.B.1.2. EU institutions","Net Disbursements","Constant Prices","Annual","US Dollar","millions","2013","2004",7601.55
"G7 Countries, Total","1 : Part I - Developing Countries","I.B.1.2. EU institutions","Net Disbursements","Constant Prices","Annual","US Dollar","millions","2013","2005",7534.94
"G7 Countries, Total","1 : Part I - Developing Countries","I.B.1.2. EU institutions","Net Disbursements","Constant Prices","Annual","US Dollar","millions","2013","2006",7822.03
"G7 Countries, Total","1 : Part I - Developing Countries","I.B.1.2. EU institutions","Net Disbursements","Constant Prices","Annual","US Dollar","millions","2013","2007",8314.16
"G7 Countries, Total","1 : Part I - Developing Countries","I.B.1.2. EU institutions","Net Disbursements","Constant Prices","Annual","US Dollar","millions","2013","2008",8847.17
"G7 Countries, Total","1 : Part I - Developing Countries","I.B.1.2. EU institutions","Net Disbursements","Constant Prices","Annual","US Dollar","millions","2013","2009",9770.89
"G7 Countries, Total","1 : Part I - Developing Countries","I.B.1.2. EU institutions","Net Disbursements","Constant Prices","Annual","US Dollar","millions","2013","2010",9601.35
"G7 Countries, Total","1 : Part I - Developing Countries","I.B.1.2. EU institutions","Net Disbursements","Constant Prices","Annual","US Dollar","millions","2013","2011",8846.28
"G7 Countries, Total","1 : Part I - Developing Countries","I.B.1.2. EU institutions","Net Disbursements","Constant Prices","Annual","US Dollar","millions","2013","2012",8190.72
"G7 Countries, Total","1 : Part I - Developing Countries","I.B.1.2. EU institutions","Net Disbursements","Constant Prices","Annual","US Dollar","millions","2013","2013",8403.78
"G7 Countries, Total","1 : Part I - Developing Countries","I.B.1.2. EU institutions","Net Disbursements","Constant Prices","Annual","US Dollar","millions","2013","2014",8464.01
"All Donors, Total","1 : Part I - Developing Countries","I.B.1.2. EU institutions","Net Disbursements","Constant Prices","Annual","US Dollar","millions","2013","1990",5103.02
"All Donors, Total","1 : Part I - Developing Countries","I.B.1.2. EU institutions","Net Disbursements","Constant Prices","Annual","US Dollar","millions","2013","1991",6787.71
"All Donors, Total","1 : Part I - Developing Countries","I.B.1.2. EU institutions","Net Disbursements","Constant Prices","Annual","US Dollar","millions","2013","1992",6203.62
"All Donors, Total","1 : Part I - Developing Countries","I.B.1.2. EU institutions","Net Disbursements","Constant Prices","Annual","US Dollar","millions","2013","1993",6403.01
"All Donors, Total","1 : Part I - Developing Countries","I.B.1.2. EU institutions","Net Disbursements","Constant Prices","Annual","US Dollar","millions","2013","1994",7144.1
"All Donors, Total","1 : Part I - Developing Countries","I.B.1.2. EU institutions","Net Disbursements","Constant Prices","Annual","US Dollar","millions","2013","1995",7318.06
"All Donors, Total","1 : Part I - Developing Countries","I.B.1.2. EU institutions","Net Disbursements","Constant Prices","Annual","US Dollar","millions","2013","1996",6426.52
"All Donors, Total","1 : Part I - Developing Countries","I.B.1.2. EU institutions","Net Disbursements","Constant Prices","Annual","US Dollar","millions","2013","1997",7238.77
"All Donors, Total","1 : Part I - Developing Countries","I.B.1.2. EU institutions","Net Disbursements","Constant Prices","Annual","US Dollar","millions","2013","1998",7462.43
"All Donors, Total","1 : Part I - Developing Countries","I.B.1.2. EU institutions","Net Disbursements","Constant Prices","Annual","US Dollar","millions","2013","1999",7702.42
"All Donors, Total","1 : Part I - Developing Countries","I.B.1.2. EU institutions","Net Disbursements","Constant Prices","Annual","US Dollar","millions","2013","2000",8491.87
"All Donors, Total","1 : Part I - Developing Countries","I.B.1.2. EU institutions","Net Disbursements","Constant Prices","Annual","US Dollar","millions","2013","2001",8642.53
"All Donors, Total","1 : Part I - Developing Countries","I.B.1.2. EU institutions","Net Disbursements","Constant Prices","Annual","US Dollar","millions","2013","2002",9261.38
"All Donors, Total","1 : Part I - Developing Countries","I.B.1.2. EU institutions","Net Disbursements","Constant Prices","Annual","US Dollar","millions","2013","2003",9371.01
"All Donors, Total","1 : Part I - Developing Countries","I.B.1.2. EU institutions","Net Disbursements","Constant Prices","Annual","US Dollar","millions","2013","2004",10887.8
"All Donors, Total","1 : Part I - Developing Countries","I.B.1.2. EU institutions","Net Disbursements","Constant Prices","Annual","US Dollar","millions","2013","2005",11237.81
"All Donors, Total","1 : Part I - Developing Countries","I.B.1.2. EU institutions","Net Disbursements","Constant Prices","Annual","US Dollar","millions","2013","2006",11771.69
"All Donors, Total","1 : Part I - Developing Countries","I.B.1.2. EU institutions","Net Disbursements","Constant Prices","Annual","US Dollar","millions","2013","2007",12415
"All Donors, Total","1 : Part I - Developing Countries","I.B.1.2. EU institutions","Net Disbursements","Constant Prices","Annual","US Dollar","millions","2013","2008",13361.78
"All Donors, Total","1 : Part I - Developing Countries","I.B.1.2. EU institutions","Net Disbursements","Constant Prices","Annual","US Dollar","millions","2013","2009",14728.03
"All Donors, Total","1 : Part I - Developing Countries","I.B.1.2. EU institutions","Net Disbursements","Constant Prices","Annual","US Dollar","millions","2013","2010",14485.19
"All Donors, Total","1 : Part I - Developing Countries","I.B.1.2. EU institutions","Net Disbursements","Constant Prices","Annual","US Dollar","millions","2013","2011",13781.2
"All Donors, Total","1 : Part I - Developing Countries","I.B.1.2. EU institutions","Net Disbursements","Constant Prices","Annual","US Dollar","millions","2013","2012",12726.54
"All Donors, Total","1 : Part I - Developing Countries","I.B.1.2. EU institutions","Net Disbursements","Constant Prices","Annual","US Dollar","millions","2013","2013",13061.06
"Non-DAC Countries, Total","1 : Part I - Developing Countries","I.B.1.2. EU institutions","Net Disbursements","Constant Prices","Annual","US Dollar","millions","2013","1999",11.45
"Non-DAC Countries, Total","1 : Part I - Developing Countries","I.B.1.2. EU institutions","Net Disbursements","Constant Prices","Annual","US Dollar","millions","2013","2003",6.95
"Non-DAC Countries, Total","1 : Part I - Developing Countries","I.B.1.2. EU institutions","Net Disbursements","Constant Prices","Annual","US Dollar","millions","2013","2004",48.05
"Non-DAC Countries, Total","1 : Part I - Developing Countries","I.B.1.2. EU institutions","Net Disbursements","Constant Prices","Annual","US Dollar","millions","2013","2005",45.7
"Non-DAC Countries, Total","1 : Part I - Developing Countries","I.B.1.2. EU institutions","Net Disbursements","Constant Prices","Annual","US Dollar","millions","2013","2006",156.58
"Non-DAC Countries, Total","1 : Part I - Developing Countries","I.B.1.2. EU institutions","Net Disbursements","Constant Prices","Annual","US Dollar","millions","2013","2007",128.84
"Non-DAC Countries, Total","1 : Part I - Developing Countries","I.B.1.2. EU institutions","Net Disbursements","Constant Prices","Annual","US Dollar","millions","2013","2008",232.2
"Non-DAC Countries, Total","1 : Part I - Developing Countries","I.B.1.2. EU institutions","Net Disbursements","Constant Prices","Annual","US Dollar","millions","2013","2009",265.42
"Non-DAC Countries, Total","1 : Part I - Developing Countries","I.B.1.2. EU institutions","Net Disbursements","Constant Prices","Annual","US Dollar","millions","2013","2010",243.67
"Non-DAC Countries, Total","1 : Part I - Developing Countries","I.B.1.2. EU institutions","Net Disbursements","Constant Prices","Annual","US Dollar","millions","2013","2011",323.15
"Non-DAC Countries, Total","1 : Part I - Developing Countries","I.B.1.2. EU institutions","Net Disbursements","Constant Prices","Annual","US Dollar","millions","2013","2012",292.94
"Non-DAC Countries, Total","1 : Part I - Developing Countries","I.B.1.2. EU institutions","Net Disbursements","Constant Prices","Annual","US Dollar","millions","2013","2013",314.09
"DAC EU Members, Total","1 : Part I - Developing Countries","I.B.1.2. EU institutions","Net Disbursements","Constant Prices","Annual","US Dollar","millions","2013","1990",5103.02
"DAC EU Members, Total","1 : Part I - Developing Countries","I.B.1.2. EU institutions","Net Disbursements","Constant Prices","Annual","US Dollar","millions","2013","1991",6787.71
"DAC EU Members, Total","1 : Part I - Developing Countries","I.B.1.2. EU institutions","Net Disbursements","Constant Prices","Annual","US Dollar","millions","2013","1992",6202.4
"DAC EU Members, Total","1 : Part I - Developing Countries","I.B.1.2. EU institutions","Net Disbursements","Constant Prices","Annual","US Dollar","millions","2013","1993",6403.01
"DAC EU Members, Total","1 : Part I - Developing Countries","I.B.1.2. EU institutions","Net Disbursements","Constant Prices","Annual","US Dollar","millions","2013","1994",7144.1
"DAC EU Members, Total","1 : Part I - Developing Countries","I.B.1.2. EU institutions","Net Disbursements","Constant Prices","Annual","US Dollar","millions","2013","1995",7318.06
"DAC EU Members, Total","1 : Part I - Developing Countries","I.B.1.2. EU institutions","Net Disbursements","Constant Prices","Annual","US Dollar","millions","2013","1996",6426.52
"DAC EU Members, Total","1 : Part I - Developing Countries","I.B.1.2. EU institutions","Net Disbursements","Constant Prices","Annual","US Dollar","millions","2013","1997",7238.77
"DAC EU Members, Total","1 : Part I - Developing Countries","I.B.1.2. EU institutions","Net Disbursements","Constant Prices","Annual","US Dollar","millions","2013","1998",7462.43
"DAC EU Members, Total","1 : Part I - Developing Countries","I.B.1.2. EU institutions","Net Disbursements","Constant Prices","Annual","US Dollar","millions","2013","1999",7690.97
"DAC EU Members, Total","1 : Part I - Developing Countries","I.B.1.2. EU institutions","Net Disbursements","Constant Prices","Annual","US Dollar","millions","2013","2000",8491.87
"DAC EU Members, Total","1 : Part I - Developing Countries","I.B.1.2. EU institutions","Net Disbursements","Constant Prices","Annual","US Dollar","millions","2013","2001",8642.53
"DAC EU Members, Total","1 : Part I - Developing Countries","I.B.1.2. EU institutions","Net Disbursements","Constant Prices","Annual","US Dollar","millions","2013","2002",9261.38
"DAC EU Members, Total","1 : Part I - Developing Countries","I.B.1.2. EU institutions","Net Disbursements","Constant Prices","Annual","US Dollar","millions","2013","2003",9364.06
"DAC EU Members, Total","1 : Part I - Developing Countries","I.B.1.2. EU institutions","Net Disbursements","Constant Prices","Annual","US Dollar","millions","2013","2004",10839.75
"DAC EU Members, Total","1 : Part I - Developing Countries","I.B.1.2. EU institutions","Net Disbursements","Constant Prices","Annual","US Dollar","millions","2013","2005",11192.11
"DAC EU Members, Total","1 : Part I - Developing Countries","I.B.1.2. EU institutions","Net Disbursements","Constant Prices","Annual","US Dollar","millions","2013","2006",11615.11
"DAC EU Members, Total","1 : Part I - Developing Countries","I.B.1.2. EU institutions","Net Disbursements","Constant Prices","Annual","US Dollar","millions","2013","2007",12286.16
"DAC EU Members, Total","1 : Part I - Developing Countries","I.B.1.2. EU institutions","Net Disbursements","Constant Prices","Annual","US Dollar","millions","2013","2008",13129.58
"DAC EU Members, Total","1 : Part I - Developing Countries","I.B.1.2. EU institutions","Net Disbursements","Constant Prices","Annual","US Dollar","millions","2013","2009",14462.61
"DAC EU Members, Total","1 : Part I - Developing Countries","I.B.1.2. EU institutions","Net Disbursements","Constant Prices","Annual","US Dollar","millions","2013","2010",14241.52
"DAC EU Members, Total","1 : Part I - Developing Countries","I.B.1.2. EU institutions","Net Disbursements","Constant Prices","Annual","US Dollar","millions","2013","2011",13458.05
"DAC EU Members, Total","1 : Part I - Developing Countries","I.B.1.2. EU institutions","Net Disbursements","Constant Prices","Annual","US Dollar","millions","2013","2012",12433.6
"DAC EU Members, Total","1 : Part I - Developing Countries","I.B.1.2. EU institutions","Net Disbursements","Constant Prices","Annual","US Dollar","millions","2013","2013",12746.97
"DAC EU Members, Total","1 : Part I - Developing Countries","I.B.1.2. EU institutions","Net Disbursements","Constant Prices","Annual","US Dollar","millions","2013","2014",12806.22
"Ireland","1 : Part I - Developing Countries","I.B.1.2. EU institutions","Net Disbursements","Constant Prices","Annual","US Dollar","millions","2013","1990",41.83
"Ireland","1 : Part I - Developing Countries","I.B.1.2. EU institutions","Net Disbursements","Constant Prices","Annual","US Dollar","millions","2013","1991",55.82
"Ireland","1 : Part I - Developing Countries","I.B.1.2. EU institutions","Net Disbursements","Constant Prices","Annual","US Dollar","millions","2013","1992",48.87
"Ireland","1 : Part I - Developing Countries","I.B.1.2. EU institutions","Net Disbursements","Constant Prices","Annual","US Dollar","millions","2013","1993",48.22
"Ireland","1 : Part I - Developing Countries","I.B.1.2. EU institutions","Net Disbursements","Constant Prices","Annual","US Dollar","millions","2013","1994",66.52
"Ireland","1 : Part I - Developing Countries","I.B.1.2. EU institutions","Net Disbursements","Constant Prices","Annual","US Dollar","millions","2013","1995",70.46
"Ireland","1 : Part I - Developing Countries","I.B.1.2. EU institutions","Net Disbursements","Constant Prices","Annual","US Dollar","millions","2013","1996",65.56
"Ireland","1 : Part I - Developing Countries","I.B.1.2. EU institutions","Net Disbursements","Constant Prices","Annual","US Dollar","millions","2013","1997",63.91
"Ireland","1 : Part I - Developing Countries","I.B.1.2. EU institutions","Net Disbursements","Constant Prices","Annual","US Dollar","millions","2013","1998",80.27
"Ireland","1 : Part I - Developing Countries","I.B.1.2. EU institutions","Net Disbursements","Constant Prices","Annual","US Dollar","millions","2013","1999",93.75
"Ireland","1 : Part I - Developing Countries","I.B.1.2. EU institutions","Net Disbursements","Constant Prices","Annual","US Dollar","millions","2013","2000",83.22
"Ireland","1 : Part I - Developing Countries","I.B.1.2. EU institutions","Net Disbursements","Constant Prices","Annual","US Dollar","millions","2013","2001",105.38
"Ireland","1 : Part I - Developing Countries","I.B.1.2. EU institutions","Net Disbursements","Constant Prices","Annual","US Dollar","millions","2013","2002",97.48
"Ireland","1 : Part I - Developing Countries","I.B.1.2. EU institutions","Net Disbursements","Constant Prices","Annual","US Dollar","millions","2013","2003",90.92
"Ireland","1 : Part I - Developing Countries","I.B.1.2. EU institutions","Net Disbursements","Constant Prices","Annual","US Dollar","millions","2013","2004",101.91
"Ireland","1 : Part I - Developing Countries","I.B.1.2. EU institutions","Net Disbursements","Constant Prices","Annual","US Dollar","millions","2013","2005",119.59
"Ireland","1 : Part I - Developing Countries","I.B.1.2. EU institutions","Net Disbursements","Constant Prices","Annual","US Dollar","millions","2013","2006",125.25
"Ireland","1 : Part I - Developing Countries","I.B.1.2. EU institutions","Net Disbursements","Constant Prices","Annual","US Dollar","millions","2013","2007",123.05
"Ireland","1 : Part I - Developing Countries","I.B.1.2. EU institutions","Net Disbursements","Constant Prices","Annual","US Dollar","millions","2013","2008",138.98
"Ireland","1 : Part I - Developing Countries","I.B.1.2. EU institutions","Net Disbursements","Constant Prices","Annual","US Dollar","millions","2013","2009",157.87
"Ireland","1 : Part I - Developing Countries","I.B.1.2. EU institutions","Net Disbursements","Constant Prices","Annual","US Dollar","millions","2013","2010",169.55
"Ireland","1 : Part I - Developing Countries","I.B.1.2. EU institutions","Net Disbursements","Constant Prices","Annual","US Dollar","millions","2013","2011",149.14
"Ireland","1 : Part I - Developing Countries","I.B.1.2. EU institutions","Net Disbursements","Constant Prices","Annual","US Dollar","millions","2013","2012",133.29
"Ireland","1 : Part I - Developing Countries","I.B.1.2. EU institutions","Net Disbursements","Constant Prices","Annual","US Dollar","millions","2013","2013",131.4
"Ireland","1 : Part I - Developing Countries","I.B.1.2. EU institutions","Net Disbursements","Constant Prices","Annual","US Dollar","millions","2013","2014",138.51
"Luxembourg","1 : Part I - Developing Countries","I.B.1.2. EU institutions","Net Disbursements","Constant Prices","Annual","US Dollar","millions","2013","1990",11.99
"Luxembourg","1 : Part I - Developing Countries","I.B.1.2. EU institutions","Net Disbursements","Constant Prices","Annual","US Dollar","millions","2013","1991",18.81
"Luxembourg","1 : Part I - Developing Countries","I.B.1.2. EU institutions","Net Disbursements","Constant Prices","Annual","US Dollar","millions","2013","1992",16.88
"Luxembourg","1 : Part I - Developing Countries","I.B.1.2. EU institutions","Net Disbursements","Constant Prices","Annual","US Dollar","millions","2013","1993",20
"Luxembourg","1 : Part I - Developing Countries","I.B.1.2. EU institutions","Net Disbursements","Constant Prices","Annual","US Dollar","millions","2013","1994",18.18
"Luxembourg","1 : Part I - Developing Countries","I.B.1.2. EU institutions","Net Disbursements","Constant Prices","Annual","US Dollar","millions","2013","1995",18.61
"Luxembourg","1 : Part I - Developing Countries","I.B.1.2. EU institutions","Net Disbursements","Constant Prices","Annual","US Dollar","millions","2013","1996",21.67
"Luxembourg","1 : Part I - Developing Countries","I.B.1.2. EU institutions","Net Disbursements","Constant Prices","Annual","US Dollar","millions","2013","1997",25.95
"Luxembourg","1 : Part I - Developing Countries","I.B.1.2. EU institutions","Net Disbursements","Constant Prices","Annual","US Dollar","millions","2013","1998",35.03
"Luxembourg","1 : Part I - Developing Countries","I.B.1.2. EU institutions","Net Disbursements","Constant Prices","Annual","US Dollar","millions","2013","1999",28.68
"Luxembourg","1 : Part I - Developing Countries","I.B.1.2. EU institutions","Net Disbursements","Constant Prices","Annual","US Dollar","millions","2013","2000",22.07
"Luxembourg","1 : Part I - Developing Countries","I.B.1.2. EU institutions","Net Disbursements","Constant Prices","Annual","US Dollar","millions","2013","2001",27.47
"Luxembourg","1 : Part I - Developing Countries","I.B.1.2. EU institutions","Net Disbursements","Constant Prices","Annual","US Dollar","millions","2013","2002",28.2
"Luxembourg","1 : Part I - Developing Countries","I.B.1.2. EU institutions","Net Disbursements","Constant Prices","Annual","US Dollar","millions","2013","2003",31.06
"Luxembourg","1 : Part I - Developing Countries","I.B.1.2. EU institutions","Net Disbursements","Constant Prices","Annual","US Dollar","millions","2013","2004",29.41
"Luxembourg","1 : Part I - Developing Countries","I.B.1.2. EU institutions","Net Disbursements","Constant Prices","Annual","US Dollar","millions","2013","2005",34.53
"Luxembourg","1 : Part I - Developing Countries","I.B.1.2. EU institutions","Net Disbursements","Constant Prices","Annual","US Dollar","millions","2013","2006",31.34
"Luxembourg","1 : Part I - Developing Countries","I.B.1.2. EU institutions","Net Disbursements","Constant Prices","Annual","US Dollar","millions","2013","2007",38.96
"Luxembourg","1 : Part I - Developing Countries","I.B.1.2. EU institutions","Net Disbursements","Constant Prices","Annual","US Dollar","millions","2013","2008",37.82
"Luxembourg","1 : Part I - Developing Countries","I.B.1.2. EU institutions","Net Disbursements","Constant Prices","Annual","US Dollar","millions","2013","2009",44.06
"Luxembourg","1 : Part I - Developing Countries","I.B.1.2. EU institutions","Net Disbursements","Constant Prices","Annual","US Dollar","millions","2013","2010",39.24
"Luxembourg","1 : Part I - Developing Countries","I.B.1.2. EU institutions","Net Disbursements","Constant Prices","Annual","US Dollar","millions","2013","2011",36.18
"Luxembourg","1 : Part I - Developing Countries","I.B.1.2. EU institutions","Net Disbursements","Constant Prices","Annual","US Dollar","millions","2013","2012",32.7
"Luxembourg","1 : Part I - Developing Countries","I.B.1.2. EU institutions","Net Disbursements","Constant Prices","Annual","US Dollar","millions","2013","2013",38
"Luxembourg","1 : Part I - Developing Countries","I.B.1.2. EU institutions","Net Disbursements","Constant Prices","Annual","US Dollar","millions","2013","2014",32.93
"Denmark","1 : Part I - Developing Countries","I.B.1.2. EU institutions","Net Disbursements","Constant Prices","Annual","US Dollar","millions","2013","1990",119.2
"Denmark","1 : Part I - Developing Countries","I.B.1.2. EU institutions","Net Disbursements","Constant Prices","Annual","US Dollar","millions","2013","1991",145.01
"Denmark","1 : Part I - Developing Countries","I.B.1.2. EU institutions","Net Disbursements","Constant Prices","Annual","US Dollar","millions","2013","1992",132.36
"Denmark","1 : Part I - Developing Countries","I.B.1.2. EU institutions","Net Disbursements","Constant Prices","Annual","US Dollar","millions","2013","1993",161.55
"Denmark","1 : Part I - Developing Countries","I.B.1.2. EU institutions","Net Disbursements","Constant Prices","Annual","US Dollar","millions","2013","1994",158.82
"Denmark","1 : Part I - Developing Countries","I.B.1.2. EU institutions","Net Disbursements","Constant Prices","Annual","US Dollar","millions","2013","1995",155.18
"Denmark","1 : Part I - Developing Countries","I.B.1.2. EU institutions","Net Disbursements","Constant Prices","Annual","US Dollar","millions","2013","1996",124.24
"Denmark","1 : Part I - Developing Countries","I.B.1.2. EU institutions","Net Disbursements","Constant Prices","Annual","US Dollar","millions","2013","1997",145.48
"Denmark","1 : Part I - Developing Countries","I.B.1.2. EU institutions","Net Disbursements","Constant Prices","Annual","US Dollar","millions","2013","1998",181.45
"Denmark","1 : Part I - Developing Countries","I.B.1.2. EU institutions","Net Disbursements","Constant Prices","Annual","US Dollar","millions","2013","1999",128.02
"Denmark","1 : Part I - Developing Countries","I.B.1.2. EU institutions","Net Disbursements","Constant Prices","Annual","US Dollar","millions","2013","2000",176.9
"Denmark","1 : Part I - Developing Countries","I.B.1.2. EU institutions","Net Disbursements","Constant Prices","Annual","US Dollar","millions","2013","2001",168.4
"Denmark","1 : Part I - Developing Countries","I.B.1.2. EU institutions","Net Disbursements","Constant Prices","Annual","US Dollar","millions","2013","2002",194.13
"Denmark","1 : Part I - Developing Countries","I.B.1.2. EU institutions","Net Disbursements","Constant Prices","Annual","US Dollar","millions","2013","2003",212.86
"Denmark","1 : Part I - Developing Countries","I.B.1.2. EU institutions","Net Disbursements","Constant Prices","Annual","US Dollar","millions","2013","2004",232.24
"Denmark","1 : Part I - Developing Countries","I.B.1.2. EU institutions","Net Disbursements","Constant Prices","Annual","US Dollar","millions","2013","2005",247.5
"Denmark","1 : Part I - Developing Countries","I.B.1.2. EU institutions","Net Disbursements","Constant Prices","Annual","US Dollar","millions","2013","2006",267.55
"Denmark","1 : Part I - Developing Countries","I.B.1.2. EU institutions","Net Disbursements","Constant Prices","Annual","US Dollar","millions","2013","2007",260.74
"Denmark","1 : Part I - Developing Countries","I.B.1.2. EU institutions","Net Disbursements","Constant Prices","Annual","US Dollar","millions","2013","2008",270.59
"Denmark","1 : Part I - Developing Countries","I.B.1.2. EU institutions","Net Disbursements","Constant Prices","Annual","US Dollar","millions","2013","2009",278.65
"Denmark","1 : Part I - Developing Countries","I.B.1.2. EU institutions","Net Disbursements","Constant Prices","Annual","US Dollar","millions","2013","2010",264.2
"Denmark","1 : Part I - Developing Countries","I.B.1.2. EU institutions","Net Disbursements","Constant Prices","Annual","US Dollar","millions","2013","2011",270.95
"Denmark","1 : Part I - Developing Countries","I.B.1.2. EU institutions","Net Disbursements","Constant Prices","Annual","US Dollar","millions","2013","2012",253
"Denmark","1 : Part I - Developing Countries","I.B.1.2. EU institutions","Net Disbursements","Constant Prices","Annual","US Dollar","millions","2013","2013",260.94
"Denmark","1 : Part I - Developing Countries","I.B.1.2. EU institutions","Net Disbursements","Constant Prices","Annual","US Dollar","millions","2013","2014",263.55
"Cyprus","1 : Part I - Developing Countries","I.B.1.2. EU institutions","Net Disbursements","Constant Prices","Annual","US Dollar","millions","2013","2005",11.06
"Cyprus","1 : Part I - Developing Countries","I.B.1.2. EU institutions","Net Disbursements","Constant Prices","Annual","US Dollar","millions","2013","2006",11.79
"Cyprus","1 : Part I - Developing Countries","I.B.1.2. EU institutions","Net Disbursements","Constant Prices","Annual","US Dollar","millions","2013","2007",13.32
"Cyprus","1 : Part I - Developing Countries","I.B.1.2. EU institutions","Net Disbursements","Constant Prices","Annual","US Dollar","millions","2013","2008",14.79
"Cyprus","1 : Part I - Developing Countries","I.B.1.2. EU institutions","Net Disbursements","Constant Prices","Annual","US Dollar","millions","2013","2009",18.17
"Cyprus","1 : Part I - Developing Countries","I.B.1.2. EU institutions","Net Disbursements","Constant Prices","Annual","US Dollar","millions","2013","2010",14.34
"Cyprus","1 : Part I - Developing Countries","I.B.1.2. EU institutions","Net Disbursements","Constant Prices","Annual","US Dollar","millions","2013","2011",16.59
"Cyprus","1 : Part I - Developing Countries","I.B.1.2. EU institutions","Net Disbursements","Constant Prices","Annual","US Dollar","millions","2013","2012",14.74
"Cyprus","1 : Part I - Developing Countries","I.B.1.2. EU institutions","Net Disbursements","Constant Prices","Annual","US Dollar","millions","2013","2013",15.41
"France","1 : Part I - Developing Countries","I.B.1.2. EU institutions","Net Disbursements","Constant Prices","Annual","US Dollar","millions","2013","1990",1180.77
"France","1 : Part I - Developing Countries","I.B.1.2. EU institutions","Net Disbursements","Constant Prices","Annual","US Dollar","millions","2013","1991",1397.53
"France","1 : Part I - Developing Countries","I.B.1.2. EU institutions","Net Disbursements","Constant Prices","Annual","US Dollar","millions","2013","1992",1299.29
"France","1 : Part I - Developing Countries","I.B.1.2. EU institutions","Net Disbursements","Constant Prices","Annual","US Dollar","millions","2013","1993",1260.36
"France","1 : Part I - Developing Countries","I.B.1.2. EU institutions","Net Disbursements","Constant Prices","Annual","US Dollar","millions","2013","1994",1342.95
"France","1 : Part I - Developing Countries","I.B.1.2. EU institutions","Net Disbursements","Constant Prices","Annual","US Dollar","millions","2013","1995",1283.18
"France","1 : Part I - Developing Countries","I.B.1.2. EU institutions","Net Disbursements","Constant Prices","Annual","US Dollar","millions","2013","1996",1113.44
"France","1 : Part I - Developing Countries","I.B.1.2. EU institutions","Net Disbursements","Constant Prices","Annual","US Dollar","millions","2013","1997",1314.58
"France","1 : Part I - Developing Countries","I.B.1.2. EU institutions","Net Disbursements","Constant Prices","Annual","US Dollar","millions","2013","1998",1167.21
"France","1 : Part I - Developing Countries","I.B.1.2. EU institutions","Net Disbursements","Constant Prices","Annual","US Dollar","millions","2013","1999",1240.99
"France","1 : Part I - Developing Countries","I.B.1.2. EU institutions","Net Disbursements","Constant Prices","Annual","US Dollar","millions","2013","2000",1401.57
"France","1 : Part I - Developing Countries","I.B.1.2. EU institutions","Net Disbursements","Constant Prices","Annual","US Dollar","millions","2013","2001",1863.27
"France","1 : Part I - Developing Countries","I.B.1.2. EU institutions","Net Disbursements","Constant Prices","Annual","US Dollar","millions","2013","2002",2138.12
"France","1 : Part I - Developing Countries","I.B.1.2. EU institutions","Net Disbursements","Constant Prices","Annual","US Dollar","millions","2013","2003",1784.94
"France","1 : Part I - Developing Countries","I.B.1.2. EU institutions","Net Disbursements","Constant Prices","Annual","US Dollar","millions","2013","2004",2268.79
"France","1 : Part I - Developing Countries","I.B.1.2. EU institutions","Net Disbursements","Constant Prices","Annual","US Dollar","millions","2013","2005",2163.57
"France","1 : Part I - Developing Countries","I.B.1.2. EU institutions","Net Disbursements","Constant Prices","Annual","US Dollar","millions","2013","2006",2243.55
"France","1 : Part I - Developing Countries","I.B.1.2. EU institutions","Net Disbursements","Constant Prices","Annual","US Dollar","millions","2013","2007",2232.19
"France","1 : Part I - Developing Countries","I.B.1.2. EU institutions","Net Disbursements","Constant Prices","Annual","US Dollar","millions","2013","2008",2425.9
"France","1 : Part I - Developing Countries","I.B.1.2. EU institutions","Net Disbursements","Constant Prices","Annual","US Dollar","millions","2013","2009",2879.66
"France","1 : Part I - Developing Countries","I.B.1.2. EU institutions","Net Disbursements","Constant Prices","Annual","US Dollar","millions","2013","2010",2747.03
"France","1 : Part I - Developing Countries","I.B.1.2. EU institutions","Net Disbursements","Constant Prices","Annual","US Dollar","millions","2013","2011",2360.43
"France","1 : Part I - Developing Countries","I.B.1.2. EU institutions","Net Disbursements","Constant Prices","Annual","US Dollar","millions","2013","2012",2182.54
"France","1 : Part I - Developing Countries","I.B.1.2. EU institutions","Net Disbursements","Constant Prices","Annual","US Dollar","millions","2013","2013",2271.82
"France","1 : Part I - Developing Countries","I.B.1.2. EU institutions","Net Disbursements","Constant Prices","Annual","US Dollar","millions","2013","2014",2276.85
"Greece","1 : Part I - Developing Countries","I.B.1.2. EU institutions","Net Disbursements","Constant Prices","Annual","US Dollar","millions","2013","1996",185.74
"Greece","1 : Part I - Developing Countries","I.B.1.2. EU institutions","Net Disbursements","Constant Prices","Annual","US Dollar","millions","2013","1997",174.33
"Greece","1 : Part I - Developing Countries","I.B.1.2. EU institutions","Net Disbursements","Constant Prices","Annual","US Dollar","millions","2013","1998",144.9
"Greece","1 : Part I - Developing Countries","I.B.1.2. EU institutions","Net Disbursements","Constant Prices","Annual","US Dollar","millions","2013","1999",144.74
"Greece","1 : Part I - Developing Countries","I.B.1.2. EU institutions","Net Disbursements","Constant Prices","Annual","US Dollar","millions","2013","2000",183.44
"Greece","1 : Part I - Developing Countries","I.B.1.2. EU institutions","Net Disbursements","Constant Prices","Annual","US Dollar","millions","2013","2001",177.31
"Greece","1 : Part I - Developing Countries","I.B.1.2. EU institutions","Net Disbursements","Constant Prices","Annual","US Dollar","millions","2013","2002",218.13
"Greece","1 : Part I - Developing Countries","I.B.1.2. EU institutions","Net Disbursements","Constant Prices","Annual","US Dollar","millions","2013","2003",162.27
"Greece","1 : Part I - Developing Countries","I.B.1.2. EU institutions","Net Disbursements","Constant Prices","Annual","US Dollar","millions","2013","2004",177.89
"Greece","1 : Part I - Developing Countries","I.B.1.2. EU institutions","Net Disbursements","Constant Prices","Annual","US Dollar","millions","2013","2005",191.26
"Greece","1 : Part I - Developing Countries","I.B.1.2. EU institutions","Net Disbursements","Constant Prices","Annual","US Dollar","millions","2013","2006",190.61
"Greece","1 : Part I - Developing Countries","I.B.1.2. EU institutions","Net Disbursements","Constant Prices","Annual","US Dollar","millions","2013","2007",224.78
"Greece","1 : Part I - Developing Countries","I.B.1.2. EU institutions","Net Disbursements","Constant Prices","Annual","US Dollar","millions","2013","2008",223.97
"Greece","1 : Part I - Developing Countries","I.B.1.2. EU institutions","Net Disbursements","Constant Prices","Annual","US Dollar","millions","2013","2009",270.53
"Greece","1 : Part I - Developing Countries","I.B.1.2. EU institutions","Net Disbursements","Constant Prices","Annual","US Dollar","millions","2013","2010",273.54
"Greece","1 : Part I - Developing Countries","I.B.1.2. EU institutions","Net Disbursements","Constant Prices","Annual","US Dollar","millions","2013","2011",239.2
"Greece","1 : Part I - Developing Countries","I.B.1.2. EU institutions","Net Disbursements","Constant Prices","Annual","US Dollar","millions","2013","2012",205.96
"Greece","1 : Part I - Developing Countries","I.B.1.2. EU institutions","Net Disbursements","Constant Prices","Annual","US Dollar","millions","2013","2013",179.82
"Greece","1 : Part I - Developing Countries","I.B.1.2. EU institutions","Net Disbursements","Constant Prices","Annual","US Dollar","millions","2013","2014",185.3
"Malta","1 : Part I - Developing Countries","I.B.1.2. EU institutions","Net Disbursements","Constant Prices","Annual","US Dollar","millions","2013","2012",5.67
"Malta","1 : Part I - Developing Countries","I.B.1.2. EU institutions","Net Disbursements","Constant Prices","Annual","US Dollar","millions","2013","2013",6
"Germany","1 : Part I - Developing Countries","I.B.1.2. EU institutions","Net Disbursements","Constant Prices","Annual","US Dollar","millions","2013","1990",1168.23
"Germany","1 : Part I - Developing Countries","I.B.1.2. EU institutions","Net Disbursements","Constant Prices","Annual","US Dollar","millions","2013","1991",1848.47
"Germany","1 : Part I - Developing Countries","I.B.1.2. EU institutions","Net Disbursements","Constant Prices","Annual","US Dollar","millions","2013","1992",1601.86
"Germany","1 : Part I - Developing Countries","I.B.1.2. EU institutions","Net Disbursements","Constant Prices","Annual","US Dollar","millions","2013","1993",1551.23
"Germany","1 : Part I - Developing Countries","I.B.1.2. EU institutions","Net Disbursements","Constant Prices","Annual","US Dollar","millions","2013","1994",1860.54
"Germany","1 : Part I - Developing Countries","I.B.1.2. EU institutions","Net Disbursements","Constant Prices","Annual","US Dollar","millions","2013","1995",1798.28
"Germany","1 : Part I - Developing Countries","I.B.1.2. EU institutions","Net Disbursements","Constant Prices","Annual","US Dollar","millions","2013","1996",1612.4
"Germany","1 : Part I - Developing Countries","I.B.1.2. EU institutions","Net Disbursements","Constant Prices","Annual","US Dollar","millions","2013","1997",1819.95
"Germany","1 : Part I - Developing Countries","I.B.1.2. EU institutions","Net Disbursements","Constant Prices","Annual","US Dollar","millions","2013","1998",1709.1
"Germany","1 : Part I - Developing Countries","I.B.1.2. EU institutions","Net Disbursements","Constant Prices","Annual","US Dollar","millions","2013","1999",1908.71
"Germany","1 : Part I - Developing Countries","I.B.1.2. EU institutions","Net Disbursements","Constant Prices","Annual","US Dollar","millions","2013","2000",2081.62
"Germany","1 : Part I - Developing Countries","I.B.1.2. EU institutions","Net Disbursements","Constant Prices","Annual","US Dollar","millions","2013","2001",1952.01
"Germany","1 : Part I - Developing Countries","I.B.1.2. EU institutions","Net Disbursements","Constant Prices","Annual","US Dollar","millions","2013","2002",2008.9
"Germany","1 : Part I - Developing Countries","I.B.1.2. EU institutions","Net Disbursements","Constant Prices","Annual","US Dollar","millions","2013","2003",2111.84
"Germany","1 : Part I - Developing Countries","I.B.1.2. EU institutions","Net Disbursements","Constant Prices","Annual","US Dollar","millions","2013","2004",2231.23
"Germany","1 : Part I - Developing Countries","I.B.1.2. EU institutions","Net Disbursements","Constant Prices","Annual","US Dollar","millions","2013","2005",2603.73
"Germany","1 : Part I - Developing Countries","I.B.1.2. EU institutions","Net Disbursements","Constant Prices","Annual","US Dollar","millions","2013","2006",2504.11
"Germany","1 : Part I - Developing Countries","I.B.1.2. EU institutions","Net Disbursements","Constant Prices","Annual","US Dollar","millions","2013","2007",2577.59
"Germany","1 : Part I - Developing Countries","I.B.1.2. EU institutions","Net Disbursements","Constant Prices","Annual","US Dollar","millions","2013","2008",2782.74
"Germany","1 : Part I - Developing Countries","I.B.1.2. EU institutions","Net Disbursements","Constant Prices","Annual","US Dollar","millions","2013","2009",2908.95
"Germany","1 : Part I - Developing Countries","I.B.1.2. EU institutions","Net Disbursements","Constant Prices","Annual","US Dollar","millions","2013","2010",3073.76
"Germany","1 : Part I - Developing Countries","I.B.1.2. EU institutions","Net Disbursements","Constant Prices","Annual","US Dollar","millions","2013","2011",2677.61
"Germany","1 : Part I - Developing Countries","I.B.1.2. EU institutions","Net Disbursements","Constant Prices","Annual","US Dollar","millions","2013","2012",2561.65
"Germany","1 : Part I - Developing Countries","I.B.1.2. EU institutions","Net Disbursements","Constant Prices","Annual","US Dollar","millions","2013","2013",2620.07
"Germany","1 : Part I - Developing Countries","I.B.1.2. EU institutions","Net Disbursements","Constant Prices","Annual","US Dollar","millions","2013","2014",2748.98
"Spain","1 : Part I - Developing Countries","I.B.1.2. EU institutions","Net Disbursements","Constant Prices","Annual","US Dollar","millions","2013","1990",379.88
"Spain","1 : Part I - Developing Countries","I.B.1.2. EU institutions","Net Disbursements","Constant Prices","Annual","US Dollar","millions","2013","1991",500.04
"Spain","1 : Part I - Developing Countries","I.B.1.2. EU institutions","Net Disbursements","Constant Prices","Annual","US Dollar","millions","2013","1992",499.22
"Spain","1 : Part I - Developing Countries","I.B.1.2. EU institutions","Net Disbursements","Constant Prices","Annual","US Dollar","millions","2013","1993",485.66
"Spain","1 : Part I - Developing Countries","I.B.1.2. EU institutions","Net Disbursements","Constant Prices","Annual","US Dollar","millions","2013","1994",585.12
"Spain","1 : Part I - Developing Countries","I.B.1.2. EU institutions","Net Disbursements","Constant Prices","Annual","US Dollar","millions","2013","1995",513
"Spain","1 : Part I - Developing Countries","I.B.1.2. EU institutions","Net Disbursements","Constant Prices","Annual","US Dollar","millions","2013","1996",410.61
"Spain","1 : Part I - Developing Countries","I.B.1.2. EU institutions","Net Disbursements","Constant Prices","Annual","US Dollar","millions","2013","1997",552.55
"Spain","1 : Part I - Developing Countries","I.B.1.2. EU institutions","Net Disbursements","Constant Prices","Annual","US Dollar","millions","2013","1998",634.47
"Spain","1 : Part I - Developing Countries","I.B.1.2. EU institutions","Net Disbursements","Constant Prices","Annual","US Dollar","millions","2013","1999",640.59
"Spain","1 : Part I - Developing Countries","I.B.1.2. EU institutions","Net Disbursements","Constant Prices","Annual","US Dollar","millions","2013","2000",687.86
"Spain","1 : Part I - Developing Countries","I.B.1.2. EU institutions","Net Disbursements","Constant Prices","Annual","US Dollar","millions","2013","2001",660.96
"Spain","1 : Part I - Developing Countries","I.B.1.2. EU institutions","Net Disbursements","Constant Prices","Annual","US Dollar","millions","2013","2002",732.68
"Spain","1 : Part I - Developing Countries","I.B.1.2. EU institutions","Net Disbursements","Constant Prices","Annual","US Dollar","millions","2013","2003",743.79
"Spain","1 : Part I - Developing Countries","I.B.1.2. EU institutions","Net Disbursements","Constant Prices","Annual","US Dollar","millions","2013","2004",777.64
"Spain","1 : Part I - Developing Countries","I.B.1.2. EU institutions","Net Disbursements","Constant Prices","Annual","US Dollar","millions","2013","2005",931.28
"Spain","1 : Part I - Developing Countries","I.B.1.2. EU institutions","Net Disbursements","Constant Prices","Annual","US Dollar","millions","2013","2006",963.82
"Spain","1 : Part I - Developing Countries","I.B.1.2. EU institutions","Net Disbursements","Constant Prices","Annual","US Dollar","millions","2013","2007",936.4
"Spain","1 : Part I - Developing Countries","I.B.1.2. EU institutions","Net Disbursements","Constant Prices","Annual","US Dollar","millions","2013","2008",967.63
"Spain","1 : Part I - Developing Countries","I.B.1.2. EU institutions","Net Disbursements","Constant Prices","Annual","US Dollar","millions","2013","2009",1191.54
"Spain","1 : Part I - Developing Countries","I.B.1.2. EU institutions","Net Disbursements","Constant Prices","Annual","US Dollar","millions","2013","2010",1024.84
"Spain","1 : Part I - Developing Countries","I.B.1.2. EU institutions","Net Disbursements","Constant Prices","Annual","US Dollar","millions","2013","2011",1113.75
"Spain","1 : Part I - Developing Countries","I.B.1.2. EU institutions","Net Disbursements","Constant Prices","Annual","US Dollar","millions","2013","2012",997.25
"Spain","1 : Part I - Developing Countries","I.B.1.2. EU institutions","Net Disbursements","Constant Prices","Annual","US Dollar","millions","2013","2013",1033.26
"Spain","1 : Part I - Developing Countries","I.B.1.2. EU institutions","Net Disbursements","Constant Prices","Annual","US Dollar","millions","2013","2014",996.18
"Turkey","1 : Part I - Developing Countries","I.B.1.2. EU institutions","Net Disbursements","Constant Prices","Annual","US Dollar","millions","2013","1999",11.45
"Turkey","1 : Part I - Developing Countries","I.B.1.2. EU institutions","Net Disbursements","Constant Prices","Annual","US Dollar","millions","2013","2003",6.95
"Turkey","1 : Part I - Developing Countries","I.B.1.2. EU institutions","Net Disbursements","Constant Prices","Annual","US Dollar","millions","2013","2005",0.05
"Turkey","1 : Part I - Developing Countries","I.B.1.2. EU institutions","Net Disbursements","Constant Prices","Annual","US Dollar","millions","2013","2006",23.73
"Turkey","1 : Part I - Developing Countries","I.B.1.2. EU institutions","Net Disbursements","Constant Prices","Annual","US Dollar","millions","2013","2007",0.83
"Turkey","1 : Part I - Developing Countries","I.B.1.2. EU institutions","Net Disbursements","Constant Prices","Annual","US Dollar","millions","2013","2008",0.01
"Turkey","1 : Part I - Developing Countries","I.B.1.2. EU institutions","Net Disbursements","Constant Prices","Annual","US Dollar","millions","2013","2011",0.02
"Turkey","1 : Part I - Developing Countries","I.B.1.2. EU institutions","Net Disbursements","Constant Prices","Annual","US Dollar","millions","2013","2013",0.14
"Turkey","1 : Part I - Developing Countries","I.B.1.2. EU institutions","Net Disbursements","Constant Prices","Annual","US Dollar","millions","2013","2014",0.04
"Italy","1 : Part I - Developing Countries","I.B.1.2. EU institutions","Net Disbursements","Constant Prices","Annual","US Dollar","millions","2013","1990",679.16
"Italy","1 : Part I - Developing Countries","I.B.1.2. EU institutions","Net Disbursements","Constant Prices","Annual","US Dollar","millions","2013","1991",949.99
"Italy","1 : Part I - Developing Countries","I.B.1.2. EU institutions","Net Disbursements","Constant Prices","Annual","US Dollar","millions","2013","1992",847.92
"Italy","1 : Part I - Developing Countries","I.B.1.2. EU institutions","Net Disbursements","Constant Prices","Annual","US Dollar","millions","2013","1993",993.36
"Italy","1 : Part I - Developing Countries","I.B.1.2. EU institutions","Net Disbursements","Constant Prices","Annual","US Dollar","millions","2013","1994",1067.88
"Italy","1 : Part I - Developing Countries","I.B.1.2. EU institutions","Net Disbursements","Constant Prices","Annual","US Dollar","millions","2013","1995",1063.12
"Italy","1 : Part I - Developing Countries","I.B.1.2. EU institutions","Net Disbursements","Constant Prices","Annual","US Dollar","millions","2013","1996",834.84
"Italy","1 : Part I - Developing Countries","I.B.1.2. EU institutions","Net Disbursements","Constant Prices","Annual","US Dollar","millions","2013","1997",999.56
"Italy","1 : Part I - Developing Countries","I.B.1.2. EU institutions","Net Disbursements","Constant Prices","Annual","US Dollar","millions","2013","1998",1144.66
"Italy","1 : Part I - Developing Countries","I.B.1.2. EU institutions","Net Disbursements","Constant Prices","Annual","US Dollar","millions","2013","1999",1133.18
"Italy","1 : Part I - Developing Countries","I.B.1.2. EU institutions","Net Disbursements","Constant Prices","Annual","US Dollar","millions","2013","2000",1205.55
"Italy","1 : Part I - Developing Countries","I.B.1.2. EU institutions","Net Disbursements","Constant Prices","Annual","US Dollar","millions","2013","2001",1170.5
"Italy","1 : Part I - Developing Countries","I.B.1.2. EU institutions","Net Disbursements","Constant Prices","Annual","US Dollar","millions","2013","2002",1324.29
"Italy","1 : Part I - Developing Countries","I.B.1.2. EU institutions","Net Disbursements","Constant Prices","Annual","US Dollar","millions","2013","2003",1323.9
"Italy","1 : Part I - Developing Countries","I.B.1.2. EU institutions","Net Disbursements","Constant Prices","Annual","US Dollar","millions","2013","2004",1477.95
"Italy","1 : Part I - Developing Countries","I.B.1.2. EU institutions","Net Disbursements","Constant Prices","Annual","US Dollar","millions","2013","2005",1542.14
"Italy","1 : Part I - Developing Countries","I.B.1.2. EU institutions","Net Disbursements","Constant Prices","Annual","US Dollar","millions","2013","2006",1563.69
"Italy","1 : Part I - Developing Countries","I.B.1.2. EU institutions","Net Disbursements","Constant Prices","Annual","US Dollar","millions","2013","2007",1588.95
"Italy","1 : Part I - Developing Countries","I.B.1.2. EU institutions","Net Disbursements","Constant Prices","Annual","US Dollar","millions","2013","2008",1686.59
"Italy","1 : Part I - Developing Countries","I.B.1.2. EU institutions","Net Disbursements","Constant Prices","Annual","US Dollar","millions","2013","2009",1862.02
"Italy","1 : Part I - Developing Countries","I.B.1.2. EU institutions","Net Disbursements","Constant Prices","Annual","US Dollar","millions","2013","2010",1632.72
"Italy","1 : Part I - Developing Countries","I.B.1.2. EU institutions","Net Disbursements","Constant Prices","Annual","US Dollar","millions","2013","2011",1893.54
"Italy","1 : Part I - Developing Countries","I.B.1.2. EU institutions","Net Disbursements","Constant Prices","Annual","US Dollar","millions","2013","2012",1588.4
"Italy","1 : Part I - Developing Countries","I.B.1.2. EU institutions","Net Disbursements","Constant Prices","Annual","US Dollar","millions","2013","2013",1605.31
"Italy","1 : Part I - Developing Countries","I.B.1.2. EU institutions","Net Disbursements","Constant Prices","Annual","US Dollar","millions","2013","2014",1614.75
"Slovenia","1 : Part I - Developing Countries","I.B.1.2. EU institutions","Net Disbursements","Constant Prices","Annual","US Dollar","millions","2013","2008",30.9
"Slovenia","1 : Part I - Developing Countries","I.B.1.2. EU institutions","Net Disbursements","Constant Prices","Annual","US Dollar","millions","2013","2009",35.84
"Slovenia","1 : Part I - Developing Countries","I.B.1.2. EU institutions","Net Disbursements","Constant Prices","Annual","US Dollar","millions","2013","2010",29.35
"Slovenia","1 : Part I - Developing Countries","I.B.1.2. EU institutions","Net Disbursements","Constant Prices","Annual","US Dollar","millions","2013","2011",35.43
"Slovenia","1 : Part I - Developing Countries","I.B.1.2. EU institutions","Net Disbursements","Constant Prices","Annual","US Dollar","millions","2013","2012",32.75
"Slovenia","1 : Part I - Developing Countries","I.B.1.2. EU institutions","Net Disbursements","Constant Prices","Annual","US Dollar","millions","2013","2013",33.15
"Slovenia","1 : Part I - Developing Countries","I.B.1.2. EU institutions","Net Disbursements","Constant Prices","Annual","US Dollar","millions","2013","2014",34.22
"Croatia","1 : Part I - Developing Countries","I.B.1.2. EU institutions","Net Disbursements","Constant Prices","Annual","US Dollar","millions","2013","2013",14.65
"Czech Republic","1 : Part I - Developing Countries","I.B.1.2. EU institutions","Net Disbursements","Constant Prices","Annual","US Dollar","millions","2013","2004",48.9
"Czech Republic","1 : Part I - Developing Countries","I.B.1.2. EU institutions","Net Disbursements","Constant Prices","Annual","US Dollar","millions","2013","2005",83.73
"Czech Republic","1 : Part I - Developing Countries","I.B.1.2. EU institutions","Net Disbursements","Constant Prices","Annual","US Dollar","millions","2013","2006",87.26
"Czech Republic","1 : Part I - Developing Countries","I.B.1.2. EU institutions","Net Disbursements","Constant Prices","Annual","US Dollar","millions","2013","2007",90.96
"Czech Republic","1 : Part I - Developing Countries","I.B.1.2. EU institutions","Net Disbursements","Constant Prices","Annual","US Dollar","millions","2013","2008",105.15
"Czech Republic","1 : Part I - Developing Countries","I.B.1.2. EU institutions","Net Disbursements","Constant Prices","Annual","US Dollar","millions","2013","2009",92.84
"Czech Republic","1 : Part I - Developing Countries","I.B.1.2. EU institutions","Net Disbursements","Constant Prices","Annual","US Dollar","millions","2013","2010",110.63
"Czech Republic","1 : Part I - Developing Countries","I.B.1.2. EU institutions","Net Disbursements","Constant Prices","Annual","US Dollar","millions","2013","2011",133.33
"Czech Republic","1 : Part I - Developing Countries","I.B.1.2. EU institutions","Net Disbursements","Constant Prices","Annual","US Dollar","millions","2013","2012",119.5
"Czech Republic","1 : Part I - Developing Countries","I.B.1.2. EU institutions","Net Disbursements","Constant Prices","Annual","US Dollar","millions","2013","2013",118.23
"Czech Republic","1 : Part I - Developing Countries","I.B.1.2. EU institutions","Net Disbursements","Constant Prices","Annual","US Dollar","millions","2013","2014",127.59
"Slovak Republic","1 : Part I - Developing Countries","I.B.1.2. EU institutions","Net Disbursements","Constant Prices","Annual","US Dollar","millions","2013","2004",20.45
"Slovak Republic","1 : Part I - Developing Countries","I.B.1.2. EU institutions","Net Disbursements","Constant Prices","Annual","US Dollar","millions","2013","2005",33.87
"Slovak Republic","1 : Part I - Developing Countries","I.B.1.2. EU institutions","Net Disbursements","Constant Prices","Annual","US Dollar","millions","2013","2006",35.57
"Slovak Republic","1 : Part I - Developing Countries","I.B.1.2. EU institutions","Net Disbursements","Constant Prices","Annual","US Dollar","millions","2013","2007",41.76
"Slovak Republic","1 : Part I - Developing Countries","I.B.1.2. EU institutions","Net Disbursements","Constant Prices","Annual","US Dollar","millions","2013","2008",46.33
"Slovak Republic","1 : Part I - Developing Countries","I.B.1.2. EU institutions","Net Disbursements","Constant Prices","Annual","US Dollar","millions","2013","2009",51.36
"Slovak Republic","1 : Part I - Developing Countries","I.B.1.2. EU institutions","Net Disbursements","Constant Prices","Annual","US Dollar","millions","2013","2010",51.81
"Slovak Republic","1 : Part I - Developing Countries","I.B.1.2. EU institutions","Net Disbursements","Constant Prices","Annual","US Dollar","millions","2013","2011",58.85
"Slovak Republic","1 : Part I - Developing Countries","I.B.1.2. EU institutions","Net Disbursements","Constant Prices","Annual","US Dollar","millions","2013","2012",56.24
"Slovak Republic","1 : Part I - Developing Countries","I.B.1.2. EU institutions","Net Disbursements","Constant Prices","Annual","US Dollar","millions","2013","2013",59.44
"Slovak Republic","1 : Part I - Developing Countries","I.B.1.2. EU institutions","Net Disbursements","Constant Prices","Annual","US Dollar","millions","2013","2014",59.46
"Netherlands","1 : Part I - Developing Countries","I.B.1.2. EU institutions","Net Disbursements","Constant Prices","Annual","US Dollar","millions","2013","1990",336.24
"Netherlands","1 : Part I - Developing Countries","I.B.1.2. EU institutions","Net Disbursements","Constant Prices","Annual","US Dollar","millions","2013","1991",432.53
"Netherlands","1 : Part I - Developing Countries","I.B.1.2. EU institutions","Net Disbursements","Constant Prices","Annual","US Dollar","millions","2013","1992",399.06
"Netherlands","1 : Part I - Developing Countries","I.B.1.2. EU institutions","Net Disbursements","Constant Prices","Annual","US Dollar","millions","2013","1993",411.05
"Netherlands","1 : Part I - Developing Countries","I.B.1.2. EU institutions","Net Disbursements","Constant Prices","Annual","US Dollar","millions","2013","1994",444.28
"Netherlands","1 : Part I - Developing Countries","I.B.1.2. EU institutions","Net Disbursements","Constant Prices","Annual","US Dollar","millions","2013","1995",450.59
"Netherlands","1 : Part I - Developing Countries","I.B.1.2. EU institutions","Net Disbursements","Constant Prices","Annual","US Dollar","millions","2013","1996",351.49
"Netherlands","1 : Part I - Developing Countries","I.B.1.2. EU institutions","Net Disbursements","Constant Prices","Annual","US Dollar","millions","2013","1997",411.72
"Netherlands","1 : Part I - Developing Countries","I.B.1.2. EU institutions","Net Disbursements","Constant Prices","Annual","US Dollar","millions","2013","1998",490.04
"Netherlands","1 : Part I - Developing Countries","I.B.1.2. EU institutions","Net Disbursements","Constant Prices","Annual","US Dollar","millions","2013","1999",398.54
"Netherlands","1 : Part I - Developing Countries","I.B.1.2. EU institutions","Net Disbursements","Constant Prices","Annual","US Dollar","millions","2013","2000",422.93
"Netherlands","1 : Part I - Developing Countries","I.B.1.2. EU institutions","Net Disbursements","Constant Prices","Annual","US Dollar","millions","2013","2001",347.12
"Netherlands","1 : Part I - Developing Countries","I.B.1.2. EU institutions","Net Disbursements","Constant Prices","Annual","US Dollar","millions","2013","2002",343.84
"Netherlands","1 : Part I - Developing Countries","I.B.1.2. EU institutions","Net Disbursements","Constant Prices","Annual","US Dollar","millions","2013","2003",483.91
"Netherlands","1 : Part I - Developing Countries","I.B.1.2. EU institutions","Net Disbursements","Constant Prices","Annual","US Dollar","millions","2013","2004",460.82
"Netherlands","1 : Part I - Developing Countries","I.B.1.2. EU institutions","Net Disbursements","Constant Prices","Annual","US Dollar","millions","2013","2005",511.92
"Netherlands","1 : Part I - Developing Countries","I.B.1.2. EU institutions","Net Disbursements","Constant Prices","Annual","US Dollar","millions","2013","2006",496.09
"Netherlands","1 : Part I - Developing Countries","I.B.1.2. EU institutions","Net Disbursements","Constant Prices","Annual","US Dollar","millions","2013","2007",587.71
"Netherlands","1 : Part I - Developing Countries","I.B.1.2. EU institutions","Net Disbursements","Constant Prices","Annual","US Dollar","millions","2013","2008",604.21
"Netherlands","1 : Part I - Developing Countries","I.B.1.2. EU institutions","Net Disbursements","Constant Prices","Annual","US Dollar","millions","2013","2009",570.55
"Netherlands","1 : Part I - Developing Countries","I.B.1.2. EU institutions","Net Disbursements","Constant Prices","Annual","US Dollar","millions","2013","2010",626.81
"Netherlands","1 : Part I - Developing Countries","I.B.1.2. EU institutions","Net Disbursements","Constant Prices","Annual","US Dollar","millions","2013","2011",670.37
"Netherlands","1 : Part I - Developing Countries","I.B.1.2. EU institutions","Net Disbursements","Constant Prices","Annual","US Dollar","millions","2013","2012",631.55
"Netherlands","1 : Part I - Developing Countries","I.B.1.2. EU institutions","Net Disbursements","Constant Prices","Annual","US Dollar","millions","2013","2013",645.24
"Netherlands","1 : Part I - Developing Countries","I.B.1.2. EU institutions","Net Disbursements","Constant Prices","Annual","US Dollar","millions","2013","2014",642.8
"Bulgaria","1 : Part I - Developing Countries","I.B.1.2. EU institutions","Net Disbursements","Constant Prices","Annual","US Dollar","millions","2013","2010",27.56
"Bulgaria","1 : Part I - Developing Countries","I.B.1.2. EU institutions","Net Disbursements","Constant Prices","Annual","US Dollar","millions","2013","2011",34.56
"Bulgaria","1 : Part I - Developing Countries","I.B.1.2. EU institutions","Net Disbursements","Constant Prices","Annual","US Dollar","millions","2013","2012",31.84
"Bulgaria","1 : Part I - Developing Countries","I.B.1.2. EU institutions","Net Disbursements","Constant Prices","Annual","US Dollar","millions","2013","2013",33.84
"Hungary","1 : Part I - Developing Countries","I.B.1.2. EU institutions","Net Disbursements","Constant Prices","Annual","US Dollar","millions","2013","2004",33.95
"Hungary","1 : Part I - Developing Countries","I.B.1.2. EU institutions","Net Disbursements","Constant Prices","Annual","US Dollar","millions","2013","2006",75.08
"Hungary","1 : Part I - Developing Countries","I.B.1.2. EU institutions","Net Disbursements","Constant Prices","Annual","US Dollar","millions","2013","2007",61.19
"Hungary","1 : Part I - Developing Countries","I.B.1.2. EU institutions","Net Disbursements","Constant Prices","Annual","US Dollar","millions","2013","2008",71.62
"Hungary","1 : Part I - Developing Countries","I.B.1.2. EU institutions","Net Disbursements","Constant Prices","Annual","US Dollar","millions","2013","2009",75.03
"Hungary","1 : Part I - Developing Countries","I.B.1.2. EU institutions","Net Disbursements","Constant Prices","Annual","US Dollar","millions","2013","2010",67.47
"Hungary","1 : Part I - Developing Countries","I.B.1.2. EU institutions","Net Disbursements","Constant Prices","Annual","US Dollar","millions","2013","2011",84.93
"Hungary","1 : Part I - Developing Countries","I.B.1.2. EU institutions","Net Disbursements","Constant Prices","Annual","US Dollar","millions","2013","2012",82.02
"Hungary","1 : Part I - Developing Countries","I.B.1.2. EU institutions","Net Disbursements","Constant Prices","Annual","US Dollar","millions","2013","2013",72.93
"Hungary","1 : Part I - Developing Countries","I.B.1.2. EU institutions","Net Disbursements","Constant Prices","Annual","US Dollar","millions","2013","2014",91.47
"Poland","1 : Part I - Developing Countries","I.B.1.2. EU institutions","Net Disbursements","Constant Prices","Annual","US Dollar","millions","2013","2004",112.18
"Poland","1 : Part I - Developing Countries","I.B.1.2. EU institutions","Net Disbursements","Constant Prices","Annual","US Dollar","millions","2013","2005",183.61
"Poland","1 : Part I - Developing Countries","I.B.1.2. EU institutions","Net Disbursements","Constant Prices","Annual","US Dollar","millions","2013","2006",193.41
"Poland","1 : Part I - Developing Countries","I.B.1.2. EU institutions","Net Disbursements","Constant Prices","Annual","US Dollar","millions","2013","2007",202.82
"Poland","1 : Part I - Developing Countries","I.B.1.2. EU institutions","Net Disbursements","Constant Prices","Annual","US Dollar","millions","2013","2008",239.27
"Poland","1 : Part I - Developing Countries","I.B.1.2. EU institutions","Net Disbursements","Constant Prices","Annual","US Dollar","millions","2013","2009",288.94
"Poland","1 : Part I - Developing Countries","I.B.1.2. EU institutions","Net Disbursements","Constant Prices","Annual","US Dollar","millions","2013","2010",273.94
"Poland","1 : Part I - Developing Countries","I.B.1.2. EU institutions","Net Disbursements","Constant Prices","Annual","US Dollar","millions","2013","2011",302.4
"Poland","1 : Part I - Developing Countries","I.B.1.2. EU institutions","Net Disbursements","Constant Prices","Annual","US Dollar","millions","2013","2012",296.58
"Poland","1 : Part I - Developing Countries","I.B.1.2. EU institutions","Net Disbursements","Constant Prices","Annual","US Dollar","millions","2013","2013",322.41
"Poland","1 : Part I - Developing Countries","I.B.1.2. EU institutions","Net Disbursements","Constant Prices","Annual","US Dollar","millions","2013","2014",325.08
"Romania","1 : Part I - Developing Countries","I.B.1.2. EU institutions","Net Disbursements","Constant Prices","Annual","US Dollar","millions","2013","2008",97.14
"Romania","1 : Part I - Developing Countries","I.B.1.2. EU institutions","Net Disbursements","Constant Prices","Annual","US Dollar","millions","2013","2009",123.48
"Romania","1 : Part I - Developing Countries","I.B.1.2. EU institutions","Net Disbursements","Constant Prices","Annual","US Dollar","millions","2013","2010",87.86
"Romania","1 : Part I - Developing Countries","I.B.1.2. EU institutions","Net Disbursements","Constant Prices","Annual","US Dollar","millions","2013","2011",128.52
"Romania","1 : Part I - Developing Countries","I.B.1.2. EU institutions","Net Disbursements","Constant Prices","Annual","US Dollar","millions","2013","2012",104.45
"Romania","1 : Part I - Developing Countries","I.B.1.2. EU institutions","Net Disbursements","Constant Prices","Annual","US Dollar","millions","2013","2013",108.39
"Norway","1 : Part I - Developing Countries","I.B.1.2. EU institutions","Net Disbursements","Constant Prices","Annual","US Dollar","millions","2013","1992",1.22
"Estonia","1 : Part I - Developing Countries","I.B.1.2. EU institutions","Net Disbursements","Constant Prices","Annual","US Dollar","millions","2013","2004",5.46
"Estonia","1 : Part I - Developing Countries","I.B.1.2. EU institutions","Net Disbursements","Constant Prices","Annual","US Dollar","millions","2013","2005",9.74
"Estonia","1 : Part I - Developing Countries","I.B.1.2. EU institutions","Net Disbursements","Constant Prices","Annual","US Dollar","millions","2013","2006",16.35
"Estonia","1 : Part I - Developing Countries","I.B.1.2. EU institutions","Net Disbursements","Constant Prices","Annual","US Dollar","millions","2013","2007",14.68
"Estonia","1 : Part I - Developing Countries","I.B.1.2. EU institutions","Net Disbursements","Constant Prices","Annual","US Dollar","millions","2013","2010",12.28
"Estonia","1 : Part I - Developing Countries","I.B.1.2. EU institutions","Net Disbursements","Constant Prices","Annual","US Dollar","millions","2013","2011",15.67
"Estonia","1 : Part I - Developing Countries","I.B.1.2. EU institutions","Net Disbursements","Constant Prices","Annual","US Dollar","millions","2013","2012",11.38
"Estonia","1 : Part I - Developing Countries","I.B.1.2. EU institutions","Net Disbursements","Constant Prices","Annual","US Dollar","millions","2013","2013",15.58
"Estonia","1 : Part I - Developing Countries","I.B.1.2. EU institutions","Net Disbursements","Constant Prices","Annual","US Dollar","millions","2013","2014",16
"Latvia","1 : Part I - Developing Countries","I.B.1.2. EU institutions","Net Disbursements","Constant Prices","Annual","US Dollar","millions","2013","2005",9.57
"Latvia","1 : Part I - Developing Countries","I.B.1.2. EU institutions","Net Disbursements","Constant Prices","Annual","US Dollar","millions","2013","2006",11.69
"Latvia","1 : Part I - Developing Countries","I.B.1.2. EU institutions","Net Disbursements","Constant Prices","Annual","US Dollar","millions","2013","2007",15.14
"Latvia","1 : Part I - Developing Countries","I.B.1.2. EU institutions","Net Disbursements","Constant Prices","Annual","US Dollar","millions","2013","2008",17.45
"Latvia","1 : Part I - Developing Countries","I.B.1.2. EU institutions","Net Disbursements","Constant Prices","Annual","US Dollar","millions","2013","2009",19.28
"Latvia","1 : Part I - Developing Countries","I.B.1.2. EU institutions","Net Disbursements","Constant Prices","Annual","US Dollar","millions","2013","2010",13.85
"Latvia","1 : Part I - Developing Countries","I.B.1.2. EU institutions","Net Disbursements","Constant Prices","Annual","US Dollar","millions","2013","2011",16.42
"Latvia","1 : Part I - Developing Countries","I.B.1.2. EU institutions","Net Disbursements","Constant Prices","Annual","US Dollar","millions","2013","2012",16.84
"Latvia","1 : Part I - Developing Countries","I.B.1.2. EU institutions","Net Disbursements","Constant Prices","Annual","US Dollar","millions","2013","2013",18.67
"Latvia","1 : Part I - Developing Countries","I.B.1.2. EU institutions","Net Disbursements","Constant Prices","Annual","US Dollar","millions","2013","2014",19.39
"Lithuania","1 : Part I - Developing Countries","I.B.1.2. EU institutions","Net Disbursements","Constant Prices","Annual","US Dollar","millions","2013","2004",8.64
"Lithuania","1 : Part I - Developing Countries","I.B.1.2. EU institutions","Net Disbursements","Constant Prices","Annual","US Dollar","millions","2013","2005",15.27
"Lithuania","1 : Part I - Developing Countries","I.B.1.2. EU institutions","Net Disbursements","Constant Prices","Annual","US Dollar","millions","2013","2006",17.95
"Lithuania","1 : Part I - Developing Countries","I.B.1.2. EU institutions","Net Disbursements","Constant Prices","Annual","US Dollar","millions","2013","2007",23.68
"Lithuania","1 : Part I - Developing Countries","I.B.1.2. EU institutions","Net Disbursements","Constant Prices","Annual","US Dollar","millions","2013","2008",31.2
"Lithuania","1 : Part I - Developing Countries","I.B.1.2. EU institutions","Net Disbursements","Constant Prices","Annual","US Dollar","millions","2013","2009",29.45
"Lithuania","1 : Part I - Developing Countries","I.B.1.2. EU institutions","Net Disbursements","Constant Prices","Annual","US Dollar","millions","2013","2010",20.32
"Lithuania","1 : Part I - Developing Countries","I.B.1.2. EU institutions","Net Disbursements","Constant Prices","Annual","US Dollar","millions","2013","2011",26.45
"Lithuania","1 : Part I - Developing Countries","I.B.1.2. EU institutions","Net Disbursements","Constant Prices","Annual","US Dollar","millions","2013","2012",26.01
"Lithuania","1 : Part I - Developing Countries","I.B.1.2. EU institutions","Net Disbursements","Constant Prices","Annual","US Dollar","millions","2013","2013",28.48
"Portugal","1 : Part I - Developing Countries","I.B.1.2. EU institutions","Net Disbursements","Constant Prices","Annual","US Dollar","millions","2013","1990",59.45
"Portugal","1 : Part I - Developing Countries","I.B.1.2. EU institutions","Net Disbursements","Constant Prices","Annual","US Dollar","millions","2013","1991",75.25
"Portugal","1 : Part I - Developing Countries","I.B.1.2. EU institutions","Net Disbursements","Constant Prices","Annual","US Dollar","millions","2013","1992",77.61
"Portugal","1 : Part I - Developing Countries","I.B.1.2. EU institutions","Net Disbursements","Constant Prices","Annual","US Dollar","millions","2013","1993",82.6
"Portugal","1 : Part I - Developing Countries","I.B.1.2. EU institutions","Net Disbursements","Constant Prices","Annual","US Dollar","millions","2013","1994",122.36
"Portugal","1 : Part I - Developing Countries","I.B.1.2. EU institutions","Net Disbursements","Constant Prices","Annual","US Dollar","millions","2013","1995",93.79
"Portugal","1 : Part I - Developing Countries","I.B.1.2. EU institutions","Net Disbursements","Constant Prices","Annual","US Dollar","millions","2013","1996",82.99
"Portugal","1 : Part I - Developing Countries","I.B.1.2. EU institutions","Net Disbursements","Constant Prices","Annual","US Dollar","millions","2013","1997",104.54
"Portugal","1 : Part I - Developing Countries","I.B.1.2. EU institutions","Net Disbursements","Constant Prices","Annual","US Dollar","millions","2013","1998",100.18
"Portugal","1 : Part I - Developing Countries","I.B.1.2. EU institutions","Net Disbursements","Constant Prices","Annual","US Dollar","millions","2013","1999",103.97
"Portugal","1 : Part I - Developing Countries","I.B.1.2. EU institutions","Net Disbursements","Constant Prices","Annual","US Dollar","millions","2013","2000",113.2
"Portugal","1 : Part I - Developing Countries","I.B.1.2. EU institutions","Net Disbursements","Constant Prices","Annual","US Dollar","millions","2013","2001",130.48
"Portugal","1 : Part I - Developing Countries","I.B.1.2. EU institutions","Net Disbursements","Constant Prices","Annual","US Dollar","millions","2013","2002",126.31
"Portugal","1 : Part I - Developing Countries","I.B.1.2. EU institutions","Net Disbursements","Constant Prices","Annual","US Dollar","millions","2013","2003",122.79
"Portugal","1 : Part I - Developing Countries","I.B.1.2. EU institutions","Net Disbursements","Constant Prices","Annual","US Dollar","millions","2013","2004",138.83
"Portugal","1 : Part I - Developing Countries","I.B.1.2. EU institutions","Net Disbursements","Constant Prices","Annual","US Dollar","millions","2013","2005",152.36
"Portugal","1 : Part I - Developing Countries","I.B.1.2. EU institutions","Net Disbursements","Constant Prices","Annual","US Dollar","millions","2013","2006",142.54
"Portugal","1 : Part I - Developing Countries","I.B.1.2. EU institutions","Net Disbursements","Constant Prices","Annual","US Dollar","millions","2013","2007",144.18
"Portugal","1 : Part I - Developing Countries","I.B.1.2. EU institutions","Net Disbursements","Constant Prices","Annual","US Dollar","millions","2013","2008",153.55
"Portugal","1 : Part I - Developing Countries","I.B.1.2. EU institutions","Net Disbursements","Constant Prices","Annual","US Dollar","millions","2013","2009",183.9
"Portugal","1 : Part I - Developing Countries","I.B.1.2. EU institutions","Net Disbursements","Constant Prices","Annual","US Dollar","millions","2013","2010",188.19
"Portugal","1 : Part I - Developing Countries","I.B.1.2. EU institutions","Net Disbursements","Constant Prices","Annual","US Dollar","millions","2013","2011",175.71
"Portugal","1 : Part I - Developing Countries","I.B.1.2. EU institutions","Net Disbursements","Constant Prices","Annual","US Dollar","millions","2013","2012",162.53
"Portugal","1 : Part I - Developing Countries","I.B.1.2. EU institutions","Net Disbursements","Constant Prices","Annual","US Dollar","millions","2013","2013",157.08
"Portugal","1 : Part I - Developing Countries","I.B.1.2. EU institutions","Net Disbursements","Constant Prices","Annual","US Dollar","millions","2013","2014",161.01
